,Unnamed: 0,molecule,max_J,file_example
0,0,12C-13C,190.0,"0            1   2   3        4    5  6  7            8   9   10  11  12 13           14
0   1     0.000000   2   0      inf  0.0  +  e  X(1SIGMA+g)   0   0   0   0  i     0.000000
1   2   633.427625   2   0  48511.0  0.0  +  e      a(3PIu)   0   1  -1   0  i   633.424591
2   3  1792.427616   2   0   1829.6  0.0  +  e  X(1SIGMA+g)   1   0   0   0  i  1792.420535
3   4  2220.340059   2   0   1697.2  0.0  +  e      a(3PIu)   1   1  -1   0  i  2220.319941
4   5  3557.675773   2   0   1088.3  0.0  +  e  X(1SIGMA+g)   2   0   0   0  i  3557.654166"
1,1,12C-14N,120.5,"0            1   2    3         4       5         6  7  8           9   10  11   12   13 14           15
0   1     0.000000   6  0.5  0.001293 -1.0000  2.002305  +  e  X(2SIGMA+)   0   0  0.5  0.5  M     0.000000
1   2  2042.387527   6  0.5  0.000010  0.1130  2.002304  +  e  X(2SIGMA+)   1   0  0.5  0.5  M  2042.404057
2   3  4058.490117   6  0.5  0.000010  0.0586  2.002302  +  e  X(2SIGMA+)   2   0  0.5  0.5  M  4058.517064
3   4  6048.345767   6  0.5  0.002967  0.0399  2.002299  +  e  X(2SIGMA+)   3   0  0.5  0.5  M  6048.320909
4   5  8011.770912   6  0.5  0.003212  0.0302  2.002295  +  e  X(2SIGMA+)   4   0  0.5  0.5  M  8011.769574"
2,2,12C-15N,120.5,"0            1   2    3         4         5  6  7           8   9   10   11   12 13           14
0   1     0.000000   4  0.5 -1.000000  2.002305  +  e  X(2SIGMA+)   0   0  0.5  0.5  M     0.000000
1   2  2042.389986   4  0.5  0.113290  2.002304  +  e  X(2SIGMA+)   1   0  0.5  0.5  M  2042.406516
2   3  4058.494970   4  0.5  0.058579  2.002302  +  e  X(2SIGMA+)   2   0  0.5  0.5  M  4058.521917
3   4  6048.352951   4  0.5  0.039868  2.002299  +  e  X(2SIGMA+)   3   0  0.5  0.5  M  6048.328093
4   5  8011.780361   4  0.5  0.030200  2.002295  +  e  X(2SIGMA+)   4   0  0.5  0.5  M  8011.779023"
3,3,12C-16O2,230.0,"0            1   2   3      4   5  6   7   8   9   10   11  12  13  14  15  16  17  18  19  20           21
0   1     0.000000   1   0  0.005  A1  e   0   0   0   0  1.0   0   0   0   0   1   0   0   0  HI     0.000000
1   2  1285.408201   1   0  0.005  A1  e   0   2   0   0  1.0   1   0   0   0   2   0   0   1  HI  1285.407985
2   3  1388.184200   1   0  0.005  A1  e   1   0   0   0  1.0   1   0   0   0   1   1   0   0  HI  1388.184961
3   4  2548.366701   1   0  0.005  A1  e   1   2   0   0  1.0   2   0   0   0   3   1   0   1  HI  2548.366797
4   5  2671.143002   1   0  0.005  A1  e   2   0   0   0  1.0   2   0   0   0   2   1   1   0  HI  2671.143759"
4,4,12C-16O,151.0,"0          1  2  3  4  5
0  1     0.0000  1  0  0  e
1  2  2143.2711  1  0  1  e
2  3  4260.0622  1  0  2  e
3  4  6350.4391  1  0  3  e
4  5  8414.4693  1  0  4  e"
5,5,12C-17O,151.0,"0          1  2  3  4  5   6
0  1     0.0000  2  0  0  e  54
1  2  2116.2950  2  0  1  e  54
2  3  4206.7792  2  0  2  e  54
3  4  6271.5160  2  0  3  e  54
4  5  8310.5702  2  0  4  e  54"
6,6,12C-18O,151.0,"0          1  2  3  4  5   6
0  1     0.0000  1  0  0  e  53
1  2  2092.1216  1  0  1  e  53
2  3  4159.0247  1  0  2  e  53
3  4  6200.7705  1  0  3  e  53
4  5  8217.4216  1  0  4  e  53"
7,7,12C-1H3-19F,40.0,"0            1   2   3   4   5   6   7   8   9   10  11  12  13  14  15  16  17  18  19    20  21  22  23  24  25  26  27  28  29
0   1     0.000000   8   0   1   0   0   0   0   0   0   0   0   0   1   0   0   0   1   1  0.93   0   0   0   0   0   0   0   0   0
1   2  1048.882822   8   0   1   1   0   0   0   0   0   0   0   0   1   0   0   0   1   1  0.90   1   0   0   0   0   0   0   0   0
2   3  1459.671810   8   0   1   0   0   0   0   0   0   1   0   0   1   0   0   0   1   2  0.30   0   0   0   0   0   0   1   0   0
3   4  2081.830547   8   0   1   2   0   0   0   0   0   0   0   0   1   0   0   0   1   1  0.86   2   0   0   0   0   0   0   0   0
4   5  2356.017271   8   0   1   0   0   0   0   2   0   0   0   0   1   0   0   0   1   3  0.13   0   0   0   0   2   0   0   0   0"
8,8,12C-1H3-35Cl,85.0,"0          1   2   3   4   5   6   7   8   9   10  11  12  13  14  15  16  17  18    19
0   1     0.0000  16   0   1   0   0   0   0   0   0   0   0   0   1   0   0   0   1  0.92
1   2   732.8422  16   0   1   1   0   0   0   0   0   0   0   0   1   0   0   0   1  0.89
2   3  1354.8811  16   0   1   0   0   0   0   0   1   0   0   0   1   0   0   0   1  0.29
3   4  1456.7626  16   0   1   2   0   0   0   0   0   0   0   0   1   0   0   0   1  0.85
4   5  2029.3753  16   0   1   0   0   0   0   0   0   2   0   0   1   0   0   0   1  0.13"
9,9,12C-1H3-37Cl,85.0,"0          1   2   3   4   5   6   7   8   9   10  11  12  13  14  15  16  17  18    19
0   1     0.0000  16   0   1   0   0   0   0   0   0   0   0   0   1   0   0   0   1  0.92
1   2   727.0295  16   0   1   1   0   0   0   0   0   0   0   0   1   0   0   0   1  0.89
2   3  1354.6908  16   0   1   0   0   0   0   0   0   1   0   0   1   0   0   0   1  0.29
3   4  1445.3509  16   0   1   2   0   0   0   0   0   0   0   0   1   0   0   0   1  0.85
4   5  2028.5929  16   0   1   0   0   0   0   2   0   0   0   0   1   0   0   0   1  0.13"
10,10,12C-1H3,40.0,"0            1   2   3   4   5   6   7   8   9   10  11  12  13  14  15   16  17  18  19  20  21  22
0   1     0.000000   8   0   1   0   0   0   0   0   0   1   0   0   0   1  1.0   0   0   0   0   0   0
1   2  1288.100000   8   0   1   0   2   0   0   0   0   1   0   0   0   1  1.0   0   0   0   0   0   2
2   3  2739.644602   8   0   1   0   0   0   0   2   0   1   0   0   0   1  1.0   0   0   0   0   2   0
3   4  2776.855847   8   0   1   0   4   0   0   0   0   1   0   0   0   1  1.0   0   0   0   0   0   4
4   5  3004.420000   8   0   1   1   0   0   0   0   0   1   0   0   0   1  1.0   0   0   1   0   0   0"
11,11,12C-1H4,50.0,"0            1   2   3           4   5   6   7   8   9   10  11  12  13  14  15  16  17  18  19  20   21  22  23  24  25  26  27  28  29  30
0   1     0.000000   5   0         inf   1   0   0   0   0   0   0   0   0   0   1   0   0   0   1   1  1.0   0   0   0   0   0   0   0   0   0
1   2  2587.053660   5   0     0.19860   1   0   0   0   0   0   0   2   0   0   1   0   0   0   1   1  1.0   0   0   0   0   0   0   0   2   0
2   3  2916.456289   5   0  2089.60000   1   1   0   0   0   0   0   0   0   0   1   0   0   0   1   2  1.0   0   0   1   0   0   0   0   0   0
3   4  3063.643100   5   0  1135.70000   1   0   2   0   0   0   0   0   0   0   1   0   0   0   1   3  1.0   0   0   0   0   2   0   0   0   0
4   5  3909.000084   5   0     0.14214   1   0   0   0   0   0   0   3   1   0   1   0   0   0   1   1  1.0   0   0   0   0   0   0   1   1   1"
12,12,12C-1H,49.5,"0         1  2    3  4  5  6           7
0  1  14.27603  4  0.5  0  0  e  B(2SIGMA-)
1  2  14.27618  4  0.5  0  0  e      X(2PI)
2  3  14.38691  4  0.5  0  0  f      X(2PI)
3  4  14.38697  4  0.5  0  0  f  B(2SIGMA-)
4  5  32.15659  8  1.5  0  2  f      X(2PI)"
13,13,12C-1H_p,68.0,"0           1   2   3         4         5  6  7         8   9   10  11  12  13          14
0   1    0.000000   2   0  0.000000       inf  +  e  X1Sigma+   0   0   0   0  Ma    0.000000
1   2   27.857187   6   1  0.000001  155.9400  -  e  X1Sigma+   0   0   0   0  Ma   27.857188
2   3   83.538419  10   2  0.012401   16.2720  +  e  X1Sigma+   0   0   0   0  Ma   83.538441
3   4  166.977580  14   3  0.054201    4.5126  -  e  X1Sigma+   0   0   0   0  Ma  166.977598
4   5  278.077611  18   4  0.080401    1.8430  +  e  X1Sigma+   0   0   0   0  Ma  278.075621"
14,14,12C-31P,55.5,"0       1   2    3           4  5  6  7
0  1  0.0000   4  0.5  X(2SIGMA+)  0  1  e
1  2  1.5732   4  0.5  X(2SIGMA+)  0  2  f
2  3  1.6010   8  1.5  X(2SIGMA+)  0  1  e
3  4  4.7474   8  1.5  X(2SIGMA+)  0  2  f
4  5  4.7938  12  2.5  X(2SIGMA+)  0  1  e"
15,15,12C-32S,258.0,"0          1  2  3         4  5
0  1   0.000000  1  0       inf  0
1  2   1.634485  3  1  572380.0  0
2  3   4.900714  5  2   59627.0  0
3  4   9.802396  7  3   16491.0  0
4  5  16.339346  9  4    6709.6  0"
16,16,12C-33S,258.0,"0          1   2  3         4  5
0  1   0.000000   4  0       inf  0
1  2   1.620671  12  1  586750.0  0
2  3   4.861983  20  2   61121.0  0
3  4   9.723871  28  3   16905.0  0
4  5  16.206240  36  4    6878.1  0"
17,17,12C-34S,258.0,"0          1  2  3         4  5
0  1   0.000000  1  0       inf  0
1  2   1.608009  3  1  600670.0  0
2  3   4.823997  5  2   62574.0  0
3  4   9.647901  7  3   17306.0  0
4  5  16.079627  9  4    7041.3  0"
18,18,12C-36S,258.0,"0          1  2  3         4  5
0  1   0.000000  1  0       inf  0
1  2   1.584725  3  1  627470.0  0
2  3   4.754147  5  2   65364.0  0
3  4   9.508201  7  3   18078.0  0
4  5  15.846802  9  4    7355.1  0"
19,19,12C2-1H2,100.0,"0            1   2   3       4    5   6   7   8   9   10  11  12   13  14  15   16   17  18           19
0   1     0.000000   1   0  0.0009  A1g   0   0   0   0   0   0   0  A1g   0   0  A1g  1.0  Ca     0.000000
1   2  1230.390303   1   0  0.0006  A1g   0   0   0   1   0   1   0  A1g   0   0  A1g  1.0  Ma  1230.381731
2   3  1449.112363   1   0  0.0012  A1g   0   0   0   0   0   0   2  A1g   0   0  A1g  1.0  Ma  1449.114864
3   4  1974.316617   1   0  0.0060  A1g   1   0   0   0   0   0   0  A1g   0   0  A1g  1.0  Ma  1974.354490
4   5  2488.553359   1   0  2.0000  A1g   0   0   0   2   0   2   0  A1g   0   0  A1g  1.0  Ca  2488.553359"
20,20,12C2-1H4,78.0,"0            1   2   3   4   5   6   7   8   9   10  11  12  13  14  15  16  17  18  19  20  21  22    23  24  25  26  27  28  29  30  31  32  33  34  35
0   1     0.000000   7   0   1   0   0   0   0   0   0   0   0   0   0   0   0   1   0   0   0   1   0  0.92   0   0   0   0   0   0   0   0   0   0   0   0
1   2  1342.361058   7   0   1   0   0   0   0   0   1   0   0   0   0   0   0   1   0   0   0   1   0  0.13   0   0   0   0   0   1   0   0   0   0   0   0
2   3  1625.647919   7   0   1   1   0   0   0   0   0   0   0   0   0   0   0   1   0   0   0   1   0  0.48   1   0   0   0   0   0   0   0   0   0   0   0
3   4  1663.565812   7   0   1   0   0   0   0   0   1   0   1   0   0   0   0   1   0   0   0   1   0  0.10   0   0   0   0   0   1   0   1   0   0   0   0
4   5  1881.875767   7   0   1   0   0   0   0   0   0   0   0   0   0   2   0   1   0   0   0   1   0  0.30   0   0   0   0   0   0   0   0   0   0   2   0"
21,21,12C2,190.0,"0            1   2   3         4            5    6  7  8            9   10  11  12  13  14  15 16           17
0   1     0.000000   1   0  0.009813          inf  0.0  +  e  X(1SIGMA+g)   0   0   0   0  F1   0  d     0.000000
1   2  1827.487599   1   0  0.000900  1705.800000  0.0  +  e  X(1SIGMA+g)   1   0   0   0  F1   0  m  1827.480518
2   3  3626.681661   1   0  0.001300  1080.400000  0.0  +  e  X(1SIGMA+g)   2   0   0   0  F1   0  m  3626.660054
3   4  5396.685747   1   0  0.001400    13.408000  0.0  +  e  X(1SIGMA+g)   3   0   0   0  F1   0  m  5396.601921
4   5  6250.143654   1   0  0.001700     0.000018  0.0  +  e  b(3SIGMA-g)   0   0   0   0  F3   1  m  6250.303047"
22,22,139La-16O,200.0,"0          1  2  3    4  5  6         7  8   9
0  1     3.9521  1  0  3.5  3  e  X2Sigma+  0  F1
1  2   816.6723  1  0  3.5  3  e  X2Sigma+  1  F1
2  3  1625.1108  1  0  3.5  3  e  X2Sigma+  2  F1
3  4  2429.2516  1  0  3.5  3  e  X2Sigma+  3  F1
4  5  3229.0673  1  0  3.5  3  e  X2Sigma+  4  F1"
23,23,13C-14N,120.5,"0            1   2    3         4         5  6  7           8   9   10   11   12 13           14
0   1     0.000000  12  0.5 -1.000000  2.002305  +  e  X(2SIGMA+)   0   0  0.5  0.5  M     0.000000
1   2  2000.048993  12  0.5  0.123120  2.002304  +  e  X(2SIGMA+)   1   0  0.5  0.5  M  2000.065523
2   3  3974.905519  12  0.5  0.063622  2.002302  +  e  X(2SIGMA+)   2   0  0.5  0.5  M  3974.932466
3   4  5924.610005  12  0.5  0.043300  2.002300  +  e  X(2SIGMA+)   3   0  0.5  0.5  M  5924.585147
4   5  7848.982682  12  0.5  0.032806  2.002296  +  e  X(2SIGMA+)   4   0  0.5  0.5  M  7848.981344"
24,24,13C-15N,120.5,"0            1   2    3         4         5  6  7           8   9   10   11   12 13           14
0   1     0.000000   8  0.5 -1.000000  2.002305  +  e  X(2SIGMA+)   0   0  0.5  0.5  M     0.000000
1   2  1968.184619   8  0.5  0.131230  2.002304  +  e  X(2SIGMA+)   1   0  0.5  0.5  M  1968.201149
2   3  3911.983272   8  0.5  0.067781  2.002302  +  e  X(2SIGMA+)   2   0  0.5  0.5  M  3912.010219
3   4  5831.438098   8  0.5  0.046129  2.002300  +  e  X(2SIGMA+)   3   0  0.5  0.5  M  5831.413240
4   5  7726.372054   8  0.5  0.034955  2.002296  +  e  X(2SIGMA+)   4   0  0.5  0.5  M  7726.370716"
25,25,13C-16O,151.0,"0          1  2  3  4  5   6
0  1     0.0000  2  0  0  e  52
1  2  2096.0669  2  0  1  e  52
2  3  4166.8191  2  0  2  e  52
3  4  6212.3182  2  0  3  e  52
4  5  8232.6271  2  0  4  e  52"
26,26,13C-17O,151.0,"0          1   2  3  4  5   6
0  1     0.0000  12  0  0  e  56
1  2  2068.4521  12  0  1  e  56
2  3  4112.2588  12  0  2  e  56
3  4  6131.4792  12  0  3  e  56
4  5  8126.1738  12  0  4  e  56"
27,27,13C-18O,151.0,"0          1  2  3  4  5   6
0  1     0.0000  2  0  0  e  55
1  2  2043.6918  2  0  1  e  55
2  3  4063.3307  2  0  2  e  55
3  4  6058.9735  2  0  3  e  55
4  5  8030.6784  2  0  4  e  55"
28,28,13C-1H,49.5,"0         1   2    3  4  5  6       7
0  1   0.00000   8  0.5  0  e  0  X(2PI)
1  2   0.11000   8  0.5  0  f  0  X(2PI)
2  3  66.63563  16  1.5  1  e  0  X(2PI)
3  4  66.87829  16  1.5  1  f  0  X(2PI)
4  5  17.80069  16  1.5  2  e  0  X(2PI)"
29,29,13C-32S,258.0,"0          1   2  3         4  5
0  1   0.000000   2  0       inf  0
1  2   1.506231   6  1  680040.0  0
2  3   4.627950  10  2   70842.0  0
3  4   9.183345  14  3   19592.0  0
4  5  15.391156  18  4    7971.3  0"
30,30,13C-33S,258.0,"0          1   2  3         4  5
0  1   0.000000   8  0       inf  0
1  2   1.529159  24  1  698130.0  0
2  3   4.587449  40  2   72727.0  0
3  4   9.174814  56  3   20114.0  0
4  5  15.291169  72  4    8184.0  0"
31,31,13C-34S,258.0,"0          1   2  3         4  5
0  1   0.000000   2  0       inf  0
1  2   1.516501   6  1  715720.0  0
2  3   4.549475  10  2   74560.0  0
3  4   9.098867  14  3   20621.0  0
4  5  15.164594  18  4    8390.0  0"
32,32,13C-36S,259.0,"0          1   2  3         4  5
0  1   0.000000   2  0       inf  0
1  2   1.493207   6  1  749630.0  0
2  3   4.479592  10  2   78094.0  0
3  4   8.959106  14  3   21598.0  0
4  5  14.931665  18  4    8787.3  0"
33,33,13C2,190.0,"0            1   2   3        4    5  6  7            8   9   10  11  12 13           14
0   1     0.000000   1   0      inf  0.0  +  e  X(1SIGMA+g)   0   0   0   0  i     0.000000
1   2   635.522905   3   0  48619.0  0.0  +  e      a(3PIu)   0   1  -1   0  i   635.519871
2   3  1756.634396   1   0   1972.4  0.0  +  e  X(1SIGMA+g)   1   0   0   0  i  1756.627315
3   4  2190.712507   3   0   1757.1  0.0  +  e      a(3PIu)   1   1  -1   0  i  2190.692389
4   5  3487.201834   1   0   1088.5  0.0  +  e  X(1SIGMA+g)   2   0   0   0  i  3487.180227"
34,34,14N-16O,184.5,"0            1   2    3         4         5         6  7  8     9   10  11   12   13  14           15
0   1     0.000000   6  0.5  0.000105       inf -0.000767  +  e  X2Pi   0   1 -0.5  0.5  EH     0.000000
1   2  1876.076228   6  0.5  0.000105  0.083086 -0.000767  +  e  X2Pi   1   1 -0.5  0.5  EH  1876.080573
2   3  3724.066346   6  0.5  0.000105  0.042467 -0.000767  +  e  X2Pi   2   1 -0.5  0.5  EH  3724.063754
3   4  5544.020643   6  0.5  0.000105  0.028936 -0.000767  +  e  X2Pi   3   1 -0.5  0.5  EH  5544.019791
4   5  7335.982597   6  0.5  0.000105  0.022179 -0.000767  +  e  X2Pi   4   1 -0.5  0.5  EH  7335.982588"
35,35,14N-17O,184.5,"0            1   2    3         4         5  6  7     8   9   10   11   12 13
0   1     0.000000  36  0.5       inf -0.000767  +  e  X1/2   0   1 -0.5  0.5  e
1   2  1850.412193  36  0.5  0.087791 -0.000767  +  e  X1/2   1   1 -0.5  0.5  e
2   3  3673.511715  36  0.5  0.044860 -0.000767  +  e  X1/2   2   1 -0.5  0.5  e
3   4  5469.346955  36  0.5  0.030557 -0.000767  +  e  X1/2   3   1 -0.5  0.5  e
4   5  7237.959915  36  0.5  0.023414 -0.000767  +  e  X1/2   4   1 -0.5  0.5  e"
36,36,14N-18O,184.5,"0            1   2    3         4         5  6  7     8   9   10   11   12 13
0   1     0.000000   6  0.5       inf -0.000767  +  e  X1/2   0   1 -0.5  0.5  e
1   2  1827.386656   6  0.5  0.092299 -0.000767  +  e  X1/2   1   1 -0.5  0.5  e
2   3  3628.145126   6  0.5  0.047150 -0.000767  +  e  X1/2   2   1 -0.5  0.5  e
3   4  5402.322127   6  0.5  0.032109 -0.000767  +  e  X1/2   3   1 -0.5  0.5  e
4   5  7149.958360   6  0.5  0.024596 -0.000767  +  e  X1/2   4   1 -0.5  0.5  e"
37,37,14N-1H3,43.0,"0            1   2   3         4  5   6   7   8   9   10  11  12  13  14  15  16  17  18  19  20  21  22  23  24           25
0   1     0.000000   0   0  0.000001  +   1   1   0   0   0   0   0   0   0   0   0   1   0   0   0   0   0   0   1     0.000000
1   2   932.433472   0   0  1.000000  +   1   2   0   1   0   0   0   0   0   0   0   1   0   0   0   0   0   2   1   932.433472
2   3  1597.475125   0   0  1.000000  +   1   3   0   2   0   0   0   0   0   0   0   1   0   0   0   0   0   4   1  1597.475125
3   4  2384.153000   0   0  1.000000  +   1   4   0   3   0   0   0   0   0   0   0   1   0   0   0   0   0   6   1  2384.153000
4   5  3215.947055   0   0  1.000000  +   1   5   0   0   0   2   0   0   0   0   0   1   0   0   0   0   2   0   1  3215.947055"
38,38,14N-1H,44.0,"0         1   2    3  4  5  6  7  8
0  1   0.00000  18  1.0  0  1  e  0  X
1  2  32.50464  30  2.0  1  1  e  0  X
2  3  33.35558  18  1.0  1  2  f  0  X
3  4  31.57023   6  0.0  1  3  e  0  X
4  5  97.71734  42  3.0  2  1  e  0  X"
39,39,14N-32S,235.5,"0            1   2    3        4         5  6  7     8   9   10   11   12
0   1     0.000000   6  0.5      inf -0.000767  +  e  X2Pi   0   1 -0.5  0.5
1   2  1204.267014   6  0.5  0.75810 -0.000767  +  e  X2Pi   1   1 -0.5  0.5
2   3  2391.811399   6  0.5  0.37574 -0.000767  +  e  X2Pi   2   1 -0.5  0.5
3   4  3562.543092   6  0.5  0.24892 -0.000767  +  e  X2Pi   3   1 -0.5  0.5
4   5  4716.365128   6  0.5  0.18592 -0.000767  +  e  X2Pi   4   1 -0.5  0.5"
40,40,14N-33S,236.5,"0            1   2    3        4         5  6  7     8   9   10   11   12
0   1     0.000000  24  0.5      inf -0.000767  +  e  X2Pi   0   1 -0.5  0.5
1   2  1198.772051  24  0.5  0.77228 -0.000767  +  e  X2Pi   1   1 -0.5  0.5
2   3  2380.976467  24  0.5  0.38277 -0.000767  +  e  X2Pi   2   1 -0.5  0.5
3   4  3546.524500  24  0.5  0.25358 -0.000767  +  e  X2Pi   3   1 -0.5  0.5
4   5  4695.320473  24  0.5  0.18939 -0.000767  +  e  X2Pi   4   1 -0.5  0.5"
41,41,14N-34S,237.5,"0            1   2    3        4         5  6  7     8   9   10   11   12
0   1     0.000000   6  0.5      inf -0.000767  +  e  X2Pi   0   1 -0.5  0.5
1   2  1193.591378   6  0.5  0.78594 -0.000767  +  e  X2Pi   1   1 -0.5  0.5
2   3  2370.760565   6  0.5  0.38955 -0.000767  +  e  X2Pi   2   1 -0.5  0.5
3   4  3531.420042   6  0.5  0.25807 -0.000767  +  e  X2Pi   3   1 -0.5  0.5
4   5  4675.475339   6  0.5  0.19275 -0.000767  +  e  X2Pi   4   1 -0.5  0.5"
42,42,14N-36S,239.5,"0            1   2    3        4         5  6  7     8   9   10   11   12
0   1     0.000000   6  0.5      inf -0.000767  +  e  X2Pi   0   1 -0.5  0.5
1   2  1184.000811   6  0.5  0.81203 -0.000767  +  e  X2Pi   1   1 -0.5  0.5
2   3  2351.846928   6  0.5  0.40251 -0.000767  +  e  X2Pi   2   1 -0.5  0.5
3   4  3503.453075   6  0.5  0.26665 -0.000767  +  e  X2Pi   3   1 -0.5  0.5
4   5  4638.726997   6  0.5  0.19914 -0.000767  +  e  X2Pi   4   1 -0.5  0.5"
43,43,14N2,75.0,"0             1   2   3         4  5  6  7         8   9   10  11  12
0   1  59266.252923   6   0  0.000012  +  e  g  B3Pigv=0   0  F1   0   1
1   2  60971.457769   6   0  0.000010  +  e  g  B3Pigv=1   0  F1   0   1
2   3  62647.803530   6   0  0.000008  +  e  g  B3Pigv=2   0  F1   0   1
3   4  64295.233138   6   0  0.000007  +  e  g  B3Pigv=3   0  F1   0   1
4   5  65913.683586   6   0  0.000006  +  e  g  B3Pigv=4   0  F1   0   1"
44,44,15N-16O,184.5,"0            1   2    3         4         5  6  7     8   9   10   11   12 13
0   1     0.000000   4  0.5       inf -0.000767  +  e  X1/2   0   1 -0.5  0.5  e
1   2  1843.020990   4  0.5  0.089207 -0.000767  +  e  X1/2   1   1 -0.5  0.5  e
2   3  3658.949909   4  0.5  0.045579 -0.000767  +  e  X1/2   2   1 -0.5  0.5  e
3   4  5447.834605   4  0.5  0.031045 -0.000767  +  e  X1/2   3   1 -0.5  0.5  e
4   5  7209.716661   4  0.5  0.023785 -0.000767  +  e  X1/2   4   1 -0.5  0.5  e"
45,45,15N-17O,184.5,"0            1   2    3         4         5  6  7     8   9   10   11   12 13
0   1     0.000000  24  0.5       inf -0.000767  +  e  X1/2   0   1 -0.5  0.5  e
1   2  1816.868736  24  0.5  0.094454 -0.000767  +  e  X1/2   1   1 -0.5  0.5  e
2   3  3607.418896  24  0.5  0.048246 -0.000767  +  e  X1/2   2   1 -0.5  0.5  e
3   4  5371.696448  24  0.5  0.032851 -0.000767  +  e  X1/2   3   1 -0.5  0.5  e
4   5  7109.741500  24  0.5  0.025161 -0.000767  +  e  X1/2   4   1 -0.5  0.5  e"
46,46,15N-18O,184.5,"0            1   2    3         4         5  6  7     8   9   10   11   12 13
0   1     0.000000   4  0.5       inf -0.000767  +  e  X1/2   0   1 -0.5  0.5  e
1   2  1793.393163   4  0.5  0.099498 -0.000767  +  e  X1/2   1   1 -0.5  0.5  e
2   3  3561.152286   4  0.5  0.050806 -0.000767  +  e  X1/2   2   1 -0.5  0.5  e
3   4  5303.321683   4  0.5  0.034585 -0.000767  +  e  X1/2   3   1 -0.5  0.5  e
4   5  7019.940162   4  0.5  0.026482 -0.000767  +  e  X1/2   4   1 -0.5  0.5  e"
47,47,15N-1H3,18.0,"0            1   2   3   4   5   6   7   8   9   10  11  12  13  14  15  16    17  18  19  20  21  22  23
0   1     0.000000   0   0   1   0   0   0   0   0   0   0   1   1   0   0   1  0.98   0   0   0   0   0   0
1   2   928.456592   0   0   1   0   1   0   0   0   0   0   1   1   0   0   1  0.94   0   0   0   0   0   2
2   3  1591.184785   0   0   1   0   2   0   0   0   0   0   1   1   0   0   1  0.92   0   0   0   0   0   4
3   4  2369.314385   0   0   1   0   3   0   0   0   0   0   1   1   0   0   1  0.91   0   0   0   0   0   6
4   5  3210.430000   0   0   1   0   0   0   0   2   0   0   1   1   0   0   1  0.79   0   0   0   0   2   0"
48,48,15N-32S,240.5,"0            1   2    3        4         5  6  7     8   9   10   11   12
0   1     0.000000   4  0.5      inf -0.000767  +  e  X2Pi   0   1 -0.5  0.5
1   2  1176.485937   4  0.5  0.83324 -0.000767  +  e  X2Pi   1   1 -0.5  0.5
2   3  2337.025191   4  0.5  0.41303 -0.000767  +  e  X2Pi   2   1 -0.5  0.5
3   4  3481.534220   4  0.5  0.27362 -0.000767  +  e  X2Pi   3   1 -0.5  0.5
4   5  4609.922488   4  0.5  0.20435 -0.000767  +  e  X2Pi   4   1 -0.5  0.5"
49,49,16O-1H,58.5,"0           1  2    3  4  5  6       7
0  1    126.2923  4  0.5  e  0  2  X(2PI)
1  2   3695.3558  4  0.5  e  1  2  X(2PI)
2  3   7098.8267  4  0.5  e  2  2  X(2PI)
3  4  10338.6176  4  0.5  e  3  2  X(2PI)
4  5  13415.8201  4  0.5  e  4  2  X(2PI)"
50,50,16O-1H_p,30.0,"0             1  2  3           4  5  6    7
0  1     30.325100  2  0  X(3SIGMA-)  0  1  F3e
1  2   2985.232400  2  0  X(3SIGMA-)  1  1  F3e
2  3   5783.156208  2  0  X(3SIGMA-)  2  1  F3e
3  4   8430.268875  2  0  X(3SIGMA-)  3  1  F3e
4  5  10932.731000  2  0  X(3SIGMA-)  4  1  F3e"
51,51,1H-12C-14N,60.0,"0           1   2   3  4  5  6  7  8  9  10
0   1     0.00000   6   0  +  e  0  0  0  0  0
1   2  1411.41345   6   0  +  e  0  0  2  0  0
2   3  2096.84554   6   0  +  e  0  0  0  0  1
3   4  2802.95874   6   0  +  e  0  0  4  0  0
4   5  3311.47708   6   0  +  e  0  1  0  0  0"
52,52,1H-14N-16O3,100.0,"0       1   2   3        4   5   6   7   8   9   10  11  12  13  14
0   1    0.00   6   0      inf  A'   0   0   0   0   0   0   0   0   0
1   2  458.20   6   0  0.47973  A""   0   0   0   0   0   0   0   0   1
2   3  580.30   6   0  4.22950  A'   0   0   0   0   0   0   0   1   0
3   4  646.45   6   0  3.49800  A'   0   0   0   0   0   0   1   0   0
4   5  763.10   6   0  1.98500  A""   0   0   0   0   0   1   0   0   0"
53,53,1H-19F,41.0,"0             1  2  3  4
0  1      0.000000  4  0  0
1  2   3961.422435  4  0  1
2  3   7750.793378  4  0  2
3  4  11372.804028  4  0  3
4  5  14831.642098  4  0  4"
54,54,1H-2H-16O,50.0,"0            1   2   3  4   5   6   7  8  9  10 11 12
0   1     0.000000   6   0  +   0   1  A'  0  0  0  0  0
1   2  1403.496832   6   0  +   0   2  A'  0  1  0  0  0
2   3  2723.710218   6   0  +   0   3  A'  1  0  0  0  0
3   4  2782.014534   6   0  +   0   4  A'  0  2  0  0  0
4   5  3707.471181   6   0  +   0   5  A'  0  0  1  0  0"
55,55,1H-2H,44.0,"0             1  2  3  4  5
0  1      0.000000  6  0  0  b
1  2   3632.108941  6  0  1  b
2  3   7086.712451  6  0  2  b
3  4  10367.613720  6  0  3  b
4  5  13476.871707  6  0  4  b"
56,56,1H-2H_p,48.0,"0            1   2  3  4  5
0  1     0.000000  12  0  0  b
1  2  1912.977165  12  0  1  b
2  3  3729.825102  12  0  2  b
3  4  5453.404341  12  0  3  b
4  5  7086.195566  12  0  4  b"
57,57,1H-35Cl,41.0,"0             1  2  3  4
0  1      0.000000  8  0  0
1  2   2885.976400  8  0  1
2  3   5667.982976  8  0  2
3  4   8346.776900  8  0  3
4  5  10922.826746  8  0  4"
58,58,1H-37Cl,41.0,"0             1  2  3  4
0  1      0.000000  8  0  0
1  2   2883.870300  8  0  1
2  3   5663.927200  8  0  2
3  4   8340.926644  8  0  3
4  5  10915.336779  8  0  4"
59,59,1H-79Br,41.0,"0            1  2  3      4  5
0  1     0.000000  8  0  0.001  0
1  2  2558.913400  8  0  0.001  1
2  3  5027.337639  8  0  0.001  2
3  4  7405.260500  8  0  0.001  3
4  5  9692.357549  8  0  0.001  4"
60,60,1H2-12C-16O,70.0,"0            1   2   3         4         5   6   7   8   9   10  11  12  13  14  15  16   17  18  19  20  21  22  23  24           25
0   1     0.000000   1   0  0.000000       inf  A1   0   0   0   0   0   0  A1   0   0  A1  1.0   0   0   0   0   0   0  Ma     0.000000
1   2  1500.174515   1   0  0.001006  0.314230  A1   0   0   1   0   0   0  A1   0   0  A1  1.0   0   0   0   0   1   0  Ma  1500.120955
2   3  1746.008687   1   0  0.000231  0.031935  A1   0   1   0   0   0   0  A1   0   0  A1  1.0   1   0   0   0   0   0  Ma  1746.045388
3   4  2327.497142   1   0  0.200000  0.474960  A1   0   0   0   2   0   0  A1   0   0  A1  1.0   0   0   0   0   0   2  Ca  2327.497142
4   5  2494.322937   1   0  0.200000  0.209310  A1   0   0   0   0   0   2  A1   0   0  A1  1.0   0   0   0   1   1   0  Ca  2494.322937"
61,61,1H2-12C-32S,120.0,"0            1   2   3        4   5   6   7   8   9   10  11  12  13  14  15  16   17  18  19  20  21  22  23  24           25
0   1     0.000000   1   0  0.00000  A1   0   0   0   0   0   0  A1   0   0   0   1  1.0   0   0   0   0   0   0  Ca     0.000000
1   2  1059.204758   1   0  0.00145  A1   0   0   1   0   0   0  A1   0   0   0   4  1.0   1   0   0   0   0   0  Ma  1059.234861
2   3  1455.496493   1   0  0.20000  A1   0   1   0   0   0   0  A1   0   0   0   5  1.0   0   0   0   1   0   0  Ca  1455.496493
3   4  1966.570835   1   0  0.40000  A1   0   0   0   0   0   2  A1   0   0   0   6  1.0   0   0   0   1   1   0  Ca  1966.570835
4   5  1992.435721   1   0  0.40000  A1   0   0   0   2   0   0  A1   0   0   0   8  1.0   0   0   0   0   0   2  Ca  1992.435721"
62,62,1H2-15O,30.0,"0            1   2   3         4    5    6    7   8    9  10  11  12           13
0   1     0.000000   2   0  0.000000  0.0  0.0  0.0   0  0.0  0  A1  IE     0.000000
1   2  1598.521924   2   0  0.004205  0.0  1.0  0.0   0  0.0  0  A1  IE  1598.538460
2   3  3158.967973   2   0  0.018440  0.0  2.0  0.0   0  0.0  0  A1  IE  3158.973045
3   4  3661.408589   2   0  0.049304  1.0  0.0  0.0   0  0.0  0  A1  IE  3661.370183
4   5  4677.467634   2   0  0.133642  0.0  3.0  0.0   0  0.0  0  A1  Ca  4677.467634"
63,63,1H2-16O2,85.0,"0            1   2   3         4   5   6   7   8   9   10  11  12  13  14  15  16  17    18  19  20  21  22  23  24
0   1     0.000000   1   0  -1.00000   1   0   0   0   0   0   0   1   1   0   0   1   1  0.95   0   0   0   0   0   0
1   2   254.543760   1   0   0.69464   1   0   0   0   1   0   0   1   1   0   0   1   2  0.94   0   0   0   0   0   4
2   3   569.726553   1   0   0.31256   1   0   0   0   2   0   0   1   1   0   0   1   3  0.94   0   0   0   0   0   8
3   4   865.942367   1   0  31.31700   1   0   0   1   0   0   0   1   1   0   0   1   4  0.87   1   0   0   0   0   0
4   5  1000.872029   1   0   0.17264   1   0   0   0   3   0   0   1   1   0   0   1   5  0.93   0   0   0   0   0  12"
64,64,1H2-16O,69.0,"0            1   2   3         4    5    6    7    8    9   10           11  12
0   1     0.000000   1   0  0.000000  0.0  0.0  0.0  0.0  0.0  A1     0.000000  Ma
1   2  1594.746306   1   0  0.000020  0.0  0.0  0.0  1.0  0.0  A1  1594.726288  Ma
2   3  3151.629850   1   0  0.000190  0.0  0.0  0.0  2.0  0.0  A1  3151.590518  Ma
3   4  3657.053255   1   0  0.000200  0.0  0.0  1.0  0.0  0.0  A1  3657.048882  Ma
4   5  4666.790461   1   0  0.000493  0.0  0.0  0.0  3.0  0.0  A1  4666.749156  Ma"
65,65,1H2-17O,50.0,"0            1   2   3   4   5   6   7   8   9            10
0   1     0.000000   6   0   0   0   0   0   0  A1     0.000000
1   2  1591.322894   6   0   0   0   0   1   0  A1  1591.297425
2   3  3144.980121   6   0   0   0   0   2   0  A1  3144.934219
3   4  3653.145649   6   0   0   0   1   0   0  A1  3653.147052
4   5  4657.116352   6   0   0   0   0   3   0  A1  4657.068960"
66,66,1H2-18O,50.0,"0            1   2   3   4   5   6   7   8   9            10
0   1     0.000000   1   0   0   0   0   0   0  A1     0.000000
1   2  1588.271033   1   0   0   0   0   1   0  A1  1588.239659
2   3  3139.050330   1   0   0   0   0   2   0  A1  3138.998577
3   4  3649.692420   1   0   0   0   1   0   0  A1  3649.687641
4   5  4648.489051   1   0   0   0   0   3   0  A1  4648.435395"
67,67,1H2-2H_p,20.0,"0            1   2   3         4         5  6   7   8  9    10   11   12   13   14  15           16
0   1     0.000000   3   0  0.000000       inf  +  A1   1  p  0.0  0.0  0.0  0.0  0.0  Ma     0.000000
1   2  2205.877113   3   0  0.005000  0.057143  +  A1   2  p  0.0  1.0  0.0  0.0  0.0  Ma  2205.877106
2   3  2992.502236   3   0  0.000005  0.018706  +  A1   3  p  1.0  0.0  0.0  0.0  0.0  Ma  2992.504106
3   4  4287.473200   3   0  0.200000  0.018812  +  A1   4  p  0.0  2.0  0.0  0.0  0.0  Ca  4287.473200
4   5  4602.619640   3   0  0.200000  0.003187  +  A1   5  p  0.0  0.0  2.0  0.0  0.0  Ca  4602.619640"
68,68,1H2-32S,40.0,"0            1   2   3         4        5   6    7    8    9    10   11  12           13
0   1     0.000000   1   0  0.000098   0.0000  A1  0.0  0.0  0.0  0.0  0.0  Ma     0.000000
1   2  1182.576995   1   0  0.000477  22.2090  A1  0.0  0.0  0.0  1.0  0.0  Ma  1182.569618
2   3  2353.964676   1   0  0.000629   9.9513  A1  0.0  0.0  0.0  2.0  0.0  Ma  2353.907317
3   4  2614.407741   1   0  0.000663  15.2630  A1  0.0  0.0  1.0  0.0  0.0  Ma  2614.394829
4   5  3513.790168   1   0  0.001140   5.1249  A1  0.0  0.0  0.0  3.0  0.0  Ma  3513.705072"
69,69,1H2,31.0,"0             1  2  3  4
0  1      0.000000  1  0  0
1  2   4161.166096  1  0  1
2  3   8087.002804  1  0  2
3  4  11782.391136  1  0  3
4  5  15250.366031  1  0  4"
70,70,1H3-16O_p,40.0,"0            1   2   3    4    5   6   7   8   9   10  11   12  13   14   15  16  17  18  19  20  21           22
0   1     0.000000   0   0  0.0  A1'   0   0   0   0   0   0  A1'   0  A1'  1.0   0   0   0   0   0   0     0.000000
1   2   581.119421   0   0  0.2  A1'   0   1   0   0   0   0  A1'   0  A1'  1.0   0   0   0   0   0   2   581.119421
2   3  1476.634129   0   0  0.4  A1'   0   2   0   0   0   0  A1'   0  A1'  1.0   0   0   0   0   0   4  1476.634129
3   4  2672.226847   0   0  0.4  A1'   0   1   0   0   1   1  A1'   0  A1'  1.0   0   0   0   0   0   6  2672.226847
4   5  3213.738503   0   0  0.4  A1'   0   1   0   0   1   1  A1'   0  A1'  1.0   0   0   0   0   2   0  3213.738503"
71,71,1H3_p,37.0,"0            1   2   3         4         5  6    7   8    9    10   11   12   13 14   15  16          17
0   1     0.000000   0   0  0.000000       NaN  e  A1'   1  NaN  0.0  0.0  0.0  0.0  m  0.0  Ma     0.00000
1   2  2521.410484   2   0  0.000133  0.008447  e   E'   1    p  0.0  1.0  1.0  1.0  m  0.0  Ma  2521.40834
2   3  4998.052947   2   0  0.010004  0.002487  e   E'   2    p  0.0  2.0  2.0  2.0  m  0.0  Ma  4998.04790
3   4  5554.061000   2   0  0.010000  0.007314  e   E'   3    p  1.0  1.0  1.0  1.0  m  0.0  Ca  5554.06100
4   5  7005.974780   2   0  0.010000  0.003166  e   E'   4    p  0.0  3.0  1.0  1.0  m  0.0  Ca  7005.97478"
72,72,23Na-16O-1H,206.0,"0           1   2   3    4   5   6   7   8   9    10  11  12  13
0   1    0.000000   8   0  2.0  A'   0   0   0   0  1.0   0   0   0
1   2  437.672589   8   0  4.0  A'   0   2   0   0  1.0   0   0   1
2   3  561.748982   8   0  2.0  A'   1   0   0   0  1.0   1   0   0
3   4  899.386677   8   0  8.0  A'   0   4   0   0  1.0   0   0   2
4   5  998.975333   8   0  8.0  A'   0   4   0   0  1.0   0   0   2"
73,73,23Na-16O,200.5,"0            1   2    3       4           5         6  7  8           9   10  11   12   13
0   1   118.305519   8  0.5   0.003  5152.80000  0.001493  +  e      X(2PI)   0   1 -0.5  0.5
1   2   704.551575   8  0.5  30.000     2.89810  0.001932  +  e      X(2PI)   1   1 -0.5  0.5
2   3  1282.294800   8  0.5  30.000     1.48070  0.002994  +  e      X(2PI)   2   1 -0.5  0.5
3   4  1850.691284   8  0.5  30.000     1.00280  0.012246  +  e      X(2PI)   3   1 -0.5  0.5
4   5  2045.653564   8  0.5  20.000     0.10894  1.988261  +  e  A(2SIGMA+)   0   0  0.5  0.5"
74,74,23Na-19F,90.0,"0       1   2  3         4  5
0  1  0.0000   8  0      -1.0  0
1  2  0.8693  24  1  224220.0  0
2  3  2.6077  40  2   23364.0  0
3  4  5.2153  56  3    6451.6  0
4  5  8.6921  72  4    2624.7  0"
75,75,23Na-1H,123.0,"0            1  2    3         4           5  6
0  1     0.000000  8  0.0       inf  X(1SIGMA+)  0
1  2  1133.102453  8  0.0  0.028748  X(1SIGMA+)  1
2  3  2228.214399  8  0.0  0.015379  X(1SIGMA+)  2
3  4  3285.975269  8  0.0  0.010977  X(1SIGMA+)  3
4  5  4306.940010  8  0.0  0.008813  X(1SIGMA+)  4"
76,76,23Na-2H,171.0,"0            1   2    3         4           5  6
0  1     0.000000  12  0.0       inf  X(1SIGMA+)  0
1  2   825.992977  12  0.0  0.102880  X(1SIGMA+)  1
2  3  1631.874477  12  0.0  0.053971  X(1SIGMA+)  2
3  4  2417.950324  12  0.0  0.037764  X(1SIGMA+)  3
4  5  3184.488807  12  0.0  0.029733  X(1SIGMA+)  4"
77,77,23Na-35Cl,557.0,"0         1    2  3          4  5
0  1  0.000000   16  0        inf  0
1  2  0.434501   48  1  1386100.0  0
2  3  1.303497   80  2   144380.0  0
3  4  2.606971  112  3    39930.0  0
4  5  4.344901  144  4    16244.0  0"
78,78,23Na-37Cl,563.0,"0         1    2  3          4  5
0  1  0.000000   16  0        inf  0
1  2  0.425207   48  1  1479000.0  0
2  3  1.275614   80  2   154070.0  0
3  4  2.551208  112  3    42608.0  0
4  5  4.251967  144  4    17334.0  0"
79,79,24Mg-16O,330.0,"0            1   2   3    4  5  6           7   8   9   10  11
0   1     0.000000   1   0  0.0  +  e  X(1SIGMA+)   0   0   0   0
1   2   774.737704   1   0  0.0  +  e  X(1SIGMA+)   1   0   0   0
2   3  1539.136871   1   0  0.0  +  e  X(1SIGMA+)   2   0   0   0
3   4  2293.035126   1   0  0.0  +  e  X(1SIGMA+)   3   0   0   0
4   5  2621.207376   1   0  0.0  +  e      a(3PI)   0   1  -1   0"
80,80,24Mg-17O,330.0,"0            1   2   3    4  5  6           7   8   9   10  11
0   1     0.000000   6   0  0.0  +  e  X(1SIGMA+)   0   0   0   0
1   2   761.067982   6   0  0.0  +  e  X(1SIGMA+)   1   0   0   0
2   3  1512.154903   6   0  0.0  +  e  X(1SIGMA+)   2   0   0   0
3   4  2253.198131   6   0  0.0  +  e  X(1SIGMA+)   3   0   0   0
4   5  2622.151380   6   0  0.0  +  e      a(3PI)   0   1  -1   0"
81,81,24Mg-18O,330.0,"0            1   2   3    4  5  6           7   8   9   10  11
0   1     0.000000   1   0  0.0  +  e  X(1SIGMA+)   0   0   0   0
1   2   761.067982   1   0  0.0  +  e  X(1SIGMA+)   1   0   0   0
2   3  1512.154903   1   0  0.0  +  e  X(1SIGMA+)   2   0   0   0
3   4  2253.198131   1   0  0.0  +  e  X(1SIGMA+)   3   0   0   0
4   5  2622.151380   1   0  0.0  +  e      a(3PI)   0   1  -1   0"
82,82,24Mg-19F,101.0,"0        1   2  3         4  5
0  1   0.0000   2  0      -1.0  0
1  2   1.0338   6  1  870930.0  0
2  3   3.1015  10  2   90728.0  0
3  4   6.2029  14  3   25090.0  0
4  5  10.3380  18  4   10207.0  0"
83,83,24Mg-1H,59.5,"0            1   2    3         4         5        6  7  8           9   10  11   12   13  14           15
0   1     0.000000   4  0.5  0.000001       inf  2.00231  +  e  X(2SIGMA+)   0   0  0.5  0.5  Ma     0.000000
1   2  1431.977929   4  0.5  0.001010  0.015654  2.00231  +  e  X(2SIGMA+)   1   0  0.5  0.5  Ma  1432.066979
2   3  2800.678343   4  0.5  0.002372  0.008825  2.00231  +  e  X(2SIGMA+)   2   0  0.5  0.5  Ma  2800.805802
3   4  4102.331435   4  0.5  0.005010  0.006659  2.00231  +  e  X(2SIGMA+)   3   0  0.5  0.5  Ma  4102.338202
4   5  5331.390135   4  0.5  0.011010  0.005633  2.00231  +  e  X(2SIGMA+)   4   0  0.5  0.5  Ma  5331.381923"
84,84,25Mg-16O,330.0,"0            1   2   3    4  5  6           7   8   9   10  11
0   1     0.000000   6   0  0.0  +  e  X(1SIGMA+)   0   0   0   0
1   2   768.588122   6   0  0.0  +  e  X(1SIGMA+)   1   0   0   0
2   3  1526.999333   6   0  0.0  +  e  X(1SIGMA+)   2   0   0   0
3   4  2275.120071   6   0  0.0  +  e  X(1SIGMA+)   3   0   0   0
4   5  2621.630724   6   0  0.0  +  e      a(3PI)   0   1  -1   0"
85,85,25Mg-19F,101.0,"0        1    2  3         4  5
0  1   0.0000   12  0      -1.0  0
1  2   1.0156   36  1  918950.0  0
2  3   3.0467   60  2   95721.0  0
3  4   6.0933   84  3   26472.0  0
4  5  10.1554  108  4   10769.0  0"
86,86,25Mg-1H,59.5,"0            1   2    3         4         5        6  7  8           9   10  11   12   13  14           15
0   1     0.000000  24  0.5  0.000001       inf  2.00231  +  e  X(2SIGMA+)   0   0  0.5  0.5  Ma     0.000000
1   2  1430.872135  24  0.5  0.001998  0.015710  2.00231  +  e  X(2SIGMA+)   1   0  0.5  0.5  Ma  1430.960493
2   3  2798.564380  24  0.5  0.001998  0.008856  2.00231  +  e  X(2SIGMA+)   2   0  0.5  0.5  Ma  2798.699314
3   4  4099.349202  24  0.5  2.007500  0.006682  2.00231  +  e  X(2SIGMA+)   3   0  0.5  0.5  Ca  4099.349202
4   5  5327.646714  24  0.5  2.507500  0.005652  2.00231  +  e  X(2SIGMA+)   4   0  0.5  0.5  Ca  5327.646714"
87,87,26Al-16O,300.5,"0            1   2    3         4        5  6  7           8   9   10   11   12  13
0   1     0.000000  22  0.5  0.000001      inf  +  e  X(2SIGMA+)   0   0  0.5  0.5  PE
1   2   972.169922  22  0.5  0.001651  35.1770  +  e  X(2SIGMA+)   1   0  0.5  0.5  PE
2   3  1930.133281  22  0.5  0.010519   8.8959  +  e  X(2SIGMA+)   2   0  0.5  0.5  PE
3   4  2873.821414  22  0.5  0.022148   4.0823  +  e  X(2SIGMA+)   3   0  0.5  0.5  PE
4   5  3803.274765  22  0.5  0.019275   2.3076  +  e  X(2SIGMA+)   4   0  0.5  0.5  PE"
88,88,26Al-1H,84.0,"0            1   2    3          4  5  6           7   8   9    10   11
0   1     0.000000  22  0.0        inf  +  e  X(1SIGMA+)   0   0  0.0  0.0
1   2  1626.149755  22  0.0  1365500.0  +  e  X(1SIGMA+)   1   0  0.0  0.0
2   3  3196.298932  22  0.0   580030.0  +  e  X(1SIGMA+)   2   0  0.0  0.0
3   4  4711.834232  22  0.0   347950.0  +  e  X(1SIGMA+)   3   0  0.0  0.0
4   5  6174.071909  22  0.0   295570.0  +  e  X(1SIGMA+)   4   0  0.0  0.0"
89,89,26Mg-16O,330.0,"0            1   2   3    4  5  6           7   8   9   10  11
0   1     0.000000   1   0  0.0  +  e  X(1SIGMA+)   0   0   0   0
1   2   762.888733   1   0  0.0  +  e  X(1SIGMA+)   1   0   0   0
2   3  1515.749167   1   0  0.0  +  e  X(1SIGMA+)   2   0   0   0
3   4  2258.507135   1   0  0.0  +  e  X(1SIGMA+)   3   0   0   0
4   5  2622.025188   1   0  0.0  +  e      a(3PI)   0   1  -1   0"
90,90,26Mg-19F,101.0,"0       1   2  3         4  5
0  1  0.0000   2  0      -1.0  0
1  2  0.9988   6  1  966180.0  0
2  3  2.9964  10  2  100650.0  0
3  4  5.9927  14  3   27833.0  0
4  5  9.9876  18  4   11323.0  0"
91,91,26Mg-1H,60.5,"0            1   2    3         4         5        6  7  8           9   10  11   12   13  14           15
0   1     0.000000   4  0.5  0.000001       inf  2.00231  +  e  X(2SIGMA+)   0   0  0.5  0.5  Ma     0.000000
1   2  1429.851529   4  0.5  0.001414  0.015752  2.00231  +  e  X(2SIGMA+)   1   0  0.5  0.5  Ma  1429.942333
2   3  2796.760884   4  0.5  1.507500  0.008878  2.00231  +  e  X(2SIGMA+)   2   0  0.5  0.5  Ca  2796.760884
3   4  4096.598495   4  0.5  2.007500  0.006698  2.00231  +  e  X(2SIGMA+)   3   0  0.5  0.5  Ca  4096.598495
4   5  5324.208982   4  0.5  2.507500  0.005665  2.00231  +  e  X(2SIGMA+)   4   0  0.5  0.5  Ca  5324.208982"
92,92,27Al-16O,300.5,"0            1   2    3         4        5  6  7           8   9   10   11   12  13
0   1     0.000000  12  0.5  0.000001      inf  +  e  X(2SIGMA+)   0   0  0.5  0.5  EH
1   2   965.416878  12  0.5  0.001651  36.1930  +  e  X(2SIGMA+)   1   0  0.5  0.5  PS
2   3  1916.827286  12  0.5  0.010519   9.1761  +  e  X(2SIGMA+)   2   0  0.5  0.5  PS
3   4  2854.162814  12  0.5  0.022148   4.2147  +  e  X(2SIGMA+)   3   0  0.5  0.5  PS
4   5  3777.464572  12  0.5  0.019275   2.3874  +  e  X(2SIGMA+)   4   0  0.5  0.5  PS"
93,93,27Al-17O,300.5,"0            1   2    3         4        5  6  7           8   9   10   11   12  13
0   1     0.000000  72  0.5  0.000001      inf  +  e  X(2SIGMA+)   0   0  0.5  0.5  PE
1   2   947.684247  72  0.5  0.001651  39.0360  +  e  X(2SIGMA+)   1   0  0.5  0.5  PE
2   3  1881.880500  72  0.5  0.010519   9.9639  +  e  X(2SIGMA+)   2   0  0.5  0.5  PE
3   4  2802.521001  72  0.5  0.022148   4.5877  +  e  X(2SIGMA+)   3   0  0.5  0.5  PE
4   5  3709.648391  72  0.5  0.019275   2.6115  +  e  X(2SIGMA+)   4   0  0.5  0.5  PE"
94,94,27Al-18O,300.5,"0            1   2    3         4        5  6  7           8   9   10   11   12  13
0   1     0.000000  12  0.5  0.000001      inf  +  e  X(2SIGMA+)   0   0  0.5  0.5  PE
1   2   931.620990  12  0.5  0.001651  41.8570  +  e  X(2SIGMA+)   1   0  0.5  0.5  PE
2   3  1850.214980  12  0.5  0.010519  10.7500  +  e  X(2SIGMA+)   2   0  0.5  0.5  PE
3   4  2755.714794  12  0.5  0.022148   4.9604  +  e  X(2SIGMA+)   3   0  0.5  0.5  PE
4   5  3648.164221  12  0.5  0.019275   2.8349  +  e  X(2SIGMA+)   4   0  0.5  0.5  PE"
95,95,27Al-19F,201.0,"0         1    2  3          4  5
0  1   0.00000   12  0       -1.0  0
1  2   1.09998   36  1  1733700.0  0
2  3   3.29991   60  2   180590.0  0
3  4   6.59975   84  3    49935.0  0
4  5  10.99943  108  4    20313.0  0"
96,96,27Al-1H,84.0,"0            1   2   3         4         5  6  7           8   9   10  11  12           13  14
0   1     0.000000  12   0  0.000001       inf  +  e  X(1SIGMA+)   0   0   0   0     0.000000  Ma
1   2  1625.061501  12   0  0.000597  0.004929  +  e  X(1SIGMA+)   1   0   0   0  1625.069321  Ma
2   3  3194.213550  12   0  0.000365  0.002623  +  e  X(1SIGMA+)   2   0   0   0  3194.213685  Ma
3   4  4708.808866  12   0  0.000196  0.001863  +  e  X(1SIGMA+)   3   0   0   0  4708.817022  Ma
4   5  6170.189966  12   0  0.029900  0.001491  +  e  X(1SIGMA+)   4   0   0   0  6170.193041  Ma"
97,97,27Al-2H,108.0,"0            1   2   3           4  5  6           7   8   9    10   11
0   1     0.000000  18   0         inf  +  e  X(1SIGMA+)   0   0  0.0  0.0
1   2  1181.941831  18   0  17159000.0  +  e  X(1SIGMA+)   1   0  0.0  0.0
2   3  2334.575075  18   0   7540700.0  +  e  X(1SIGMA+)   2   0  0.0  0.0
3   4  3458.426650  18   0   4765500.0  +  e  X(1SIGMA+)   3   0  0.0  0.0
4   5  4554.009748  18   0   7218600.0  +  e  X(1SIGMA+)   4   0  0.0  0.0"
98,98,27Al-35Cl,400.0,"0            1   2   3      4  5  6         7   8   9   10  11
0   1     0.000000  24   0  0.000  +  e  X1Sigma+   0   0   0   0
1   2   477.593117  24   0  0.005  +  e  X1Sigma+   1   0   0   0
2   3   951.031119  24   0  0.010  +  e  X1Sigma+   2   0   0   0
3   4  1420.369885  24   0  0.015  +  e  X1Sigma+   3   0   0   0
4   5  1885.649883  24   0  0.020  +  e  X1Sigma+   4   0   0   0"
99,99,27Al-37Cl,400.0,"0            1   2   3      4  5  6         7   8   9   10  11
0   1     0.000000  24   0  0.000  +  e  X1Sigma+   0   0   0   0
1   2   471.989871  24   0  0.005  +  e  X1Sigma+   1   0   0   0
2   3   939.921350  24   0  0.010  +  e  X1Sigma+   2   0   0   0
3   4  1403.848748  24   0  0.015  +  e  X1Sigma+   3   0   0   0
4   5  1863.811419  24   0  0.020  +  e  X1Sigma+   4   0   0   0"
100,100,28Si-14N,245.5,"0            1   2    3      4         5         6  7  8         9   10  11   12   13  14           15
0   1     0.000000   6  0.5  0.000       NaN  2.002150  +  e  X2Sigma+   0   0  0.5  0.5  Ma     0.000000
1   2  1138.481271   6  0.5  0.130  0.521120  2.001919  +  e  X2Sigma+   1   0  0.5  0.5  Ma  1138.405398
2   3  2017.654857   6  0.5  0.010  0.001463  0.000607  +  e      A2Pi   0   1 -0.5  0.5  Ma  2017.651598
3   4  2263.632470   6  0.5  0.200  0.171420  2.000967  +  e  X2Sigma+   2   0  0.5  0.5  Ma  2263.834585
4   5  3037.120997   6  0.5  0.006  0.000610  0.000570  +  e      A2Pi   1   1 -0.5  0.5  Ma  3037.120364"
101,101,28Si-15N,245.5,"0            1   2    3        4         5         6  7  8         9   10  11   12   13
0   1     0.000000   6  0.5  0.00075       NaN  2.002151  +  e  X2Sigma+   0   0  0.5  0.5
1   2  1113.195712   6  0.5  0.80075  0.569990  2.001935  +  e  X2Sigma+   1   0  0.5  0.5
2   3  2018.944281   6  0.5  0.00075  0.001476  0.001223  +  e      A2Pi   0   1 -0.5  0.5
3   4  2214.034271   6  0.5  1.60075  0.184670  2.000364  +  e  X2Sigma+   2   0  0.5  0.5
4   5  3015.845767   6  0.5  0.10075  0.000621  0.000959  +  e      A2Pi   1   1 -0.5  0.5"
102,102,28Si-16O2,255.0,"0            1   2   3    4   5  6   7   8   9   10   11  12  13  14  15  16  17
0   1     0.000000   1   0  0.0  A1  e   0   0   0   0  1.0   0   0   0  A1   0  A1
1   2   578.229349   1   0  2.0  A1  e   0   2   0   0  1.0   0   0   1  A1   0  A1
2   3   990.856966   1   0  2.0  A1  e   1   0   0   0  1.0   1   0   0  A1   0  A1
3   4  1154.529779   1   0  4.0  A1  e   0   4   0   0  1.0   0   0   2  A1   0  A1
4   5  1570.947837   1   0  4.0  A1  e   1   2   0   0  1.0   1   0   1  A1   0  A1"
103,103,28Si-16O,250.0,"0            1   2   3         4         5    6  7  8           9   10  11  12  13  14           15
0   1     0.000000   1   0  0.000001       inf  0.0  +  e  X(1SIGMA+)   0   0   0   0  Ma     0.000000
1   2  1229.616486   1   0  0.000001  0.155810  0.0  +  e  X(1SIGMA+)   1   0   0   0  Ma  1229.616594
2   3  2447.336446   1   0  0.000001  0.079349  0.0  +  e  X(1SIGMA+)   2   0   0   0  Ma  2447.336699
3   4  3653.197082   1   0  0.000001  0.053881  0.0  +  e  X(1SIGMA+)   3   0   0   0  Ma  3653.197325
4   5  4847.237094   1   0  0.000001  0.041159  0.0  +  e  X(1SIGMA+)   4   0   0   0  Ma  4847.234937"
104,104,28Si-17O,416.0,"0          1   2  3         4  5
0  1   0.000000   6  0       inf  0
1  2   1.394117  18  1  372620.0  0
2  3   4.182335  30  2   38815.0  0
3  4   8.364619  42  3   10734.0  0
4  5  13.940796  54  4    4367.0  0"
105,105,28Si-18O,423.0,"0          1  2  3         4  5
0  1   0.000000  1  0       inf  0
1  2   1.346015  3  1  414060.0  0
2  3   4.038033  5  2   43131.0  0
3  4   8.076017  7  3   11928.0  0
4  5  13.459808  9  4    4852.7  0"
106,106,28Si-1H2,60.0,"0            1   2   3   4   5   6   7   8   9   10  11   12  13  14  15
0   1     0.000000   1   0  A1   0   0   0  A1   0   0  A1  1.0   0   0   0
1   2   998.607575   1   0  A1   0   1   0  A1   0   0  A1  1.0   0   0   1
2   3  1978.350118   1   0  A1   0   2   0  A1   0   0  A1  1.0   0   0   2
3   4  2005.538842   1   0  A1   1   0   0  A1   0   0  A1  1.0   1   0   0
4   5  2951.677331   1   0  A1   0   3   0  A1   0   0  A1  1.0   0   0   3"
107,107,28Si-1H4,42.0,"0            1   2   3   4   5   6   7   8   9   10  11  12  13  14  15  16  17  18  19    20  21  22  23  24  25  26  27  28  29
0   1     0.000000   5   0   1   0   0   0   0   0   0   0   0   0   1   0   0   0   1   0  0.99   0   0   0   0   0   0   0   0   0
1   2  1810.753814   5   0   1   0   0   0   0   0   0   2   0   0   1   0   0   0   1   0  0.32   0   0   0   0   0   0   2   0   0
2   3  1936.931391   5   0   1   0   0   0   0   2   0   0   0   0   1   0   0   0   1   0  0.49   0   0   0   0   2   0   0   0   0
3   4  2186.873254   5   0   1   0   0   1   0   0   0   0   0   0   1   0   0   0   1   0  0.24   0   0   1   0   0   0   0   0   0
4   5  2730.476494   5   0   1   0   0   0   0   0   0   1   1   1   1   0   0   0   1   0  0.91   0   0   0   0   0   0   1   1   1"
108,108,28Si-1H,71.5,"0            1    2    3         4         5  6  7       8    9    10   11   12
0   1     0.000000  4.0  0.5       inf -0.000721  +  e  X(2PI)  0.0  1.0 -0.5  0.5
1   2  1970.313482  4.0  0.5  0.008459 -0.000723  +  e  X(2PI)  1.0  1.0 -0.5  0.5
2   3  3869.660924  4.0  0.5  0.004525 -0.000724  +  e  X(2PI)  2.0  1.0 -0.5  0.5
3   4  5698.780278  4.0  0.5  0.003239 -0.000725  +  e  X(2PI)  3.0  1.0 -0.5  0.5
4   5  7458.470416  4.0  0.5  0.002618 -0.000724  +  e  X(2PI)  4.0  1.0 -0.5  0.5"
109,109,28Si-2H,113.5,"0            1   2    3         4         5  6  7       8   9   10   11   12
0   1     0.000000   6  0.5       inf -0.000720  +  e  X(2PI)   0   1 -0.5  0.5
1   2  1432.177218   6  0.5  0.030600 -0.000721  +  e  X(2PI)   1   1 -0.5  0.5
2   3  2827.490673   6  0.5  0.016028 -0.000722  +  e  X(2PI)   2   1 -0.5  0.5
3   4  4186.082513   6  0.5  0.011219 -0.000722  +  e  X(2PI)   3   1 -0.5  0.5
4   5  5508.379231   6  0.5  0.008849 -0.000722  +  e  X(2PI)   4   1 -0.5  0.5"
110,110,28Si-32S,257.0,"0         1  2  3  4
0  1  0.000000  1  0  0
1  2  0.605581  3  1  0
2  3  1.816740  5  2  0
3  4  3.633466  7  3  0
4  5  6.055745  9  4  0"
111,111,28Si-33S,257.0,"0         1   2  3  4
0  1  0.000000   4  0  0
1  2  0.597027  12  1  0
2  3  1.791075  20  2  0
3  4  3.582136  28  3  0
4  5  5.970195  36  4  0"
112,112,28Si-34S,257.0,"0         1  2  3  4
0  1  0.000000  1  0  0
1  2  0.588998  3  1  0
2  3  1.766988  5  2  0
3  4  3.533963  7  3  0
4  5  5.889908  9  4  0"
113,113,28Si-36S,257.0,"0         1  2  3  4
0  1  0.000000  1  0  0
1  2  0.574229  3  1  0
2  3  1.722684  5  2  0
3  4  3.445355  7  3  0
4  5  5.742230  9  4  0"
114,114,29Si-14N,245.5,"0            1   2    3        4         5         6  7  8         9   10  11   12   13
0   1     0.000000   6  0.5  0.00075       NaN  2.002150  +  e  X2Sigma+   0   0  0.5  0.5
1   2  1131.912784   6  0.5  0.80075  0.533170  2.001924  +  e  X2Sigma+   1   0  0.5  0.5
2   3  2017.986194   6  0.5  0.00075  0.001466  0.000725  +  e      A2Pi   0   1 -0.5  0.5
3   4  2251.008452   6  0.5  1.60075  0.175630  2.000853  +  e  X2Sigma+   2   0  0.5  0.5
4   5  3031.642421   6  0.5  0.10075  0.000613  0.000650  +  e      A2Pi   1   1 -0.5  0.5"
115,115,29Si-16O,410.0,"0          1   2  3         4  5
0  1   0.000000   2  0       inf  0
1  2   1.430323   6  1  345010.0  0
2  3   4.290953  10  2   35938.0  0
3  4   8.581852  14  3    9938.4  0
4  5  14.302838  18  4    4043.3  0"
116,116,29Si-1H,82.5,"0            1   2    3         4         5  6  7       8   9   10   11   12
0   1     0.000000   8  0.5       inf -0.000721  +  e  X(2PI)   0   1 -0.5  0.5
1   2  1969.174319   8  0.5  0.008479 -0.000723  +  e  X(2PI)   1   1 -0.5  0.5
2   3  3867.467078   8  0.5  0.004535 -0.000724  +  e  X(2PI)   2   1 -0.5  0.5
3   4  5695.614634   8  0.5  0.003246 -0.000725  +  e  X(2PI)   3   1 -0.5  0.5
4   5  7454.415488   8  0.5  0.002623 -0.000724  +  e  X(2PI)   4   1 -0.5  0.5"
117,117,29Si-32S,257.0,"0         1   2  3  4
0  1  0.000000   2  0  0
1  2  0.594455   6  1  0
2  3  1.783359  10  2  0
3  4  3.566704  14  3  0
4  5  5.944476  18  4  0"
118,118,29Si-33S,257.0,"0         1   2  3  4
0  1  0.000000   8  0  0
1  2  0.585899  24  1  0
2  3  1.757692  40  2  0
3  4  3.515371  56  3  0
4  5  5.858922  72  4  0"
119,119,29Si-34S,257.0,"0         1   2  3  4
0  1  0.000000   2  0  0
1  2  0.577870   6  1  0
2  3  1.733605  10  2  0
3  4  3.467197  14  3  0
4  5  5.778633  18  4  0"
120,120,29Si-36S,257.0,"0         1   2  3  4
0  1  0.000000   2  0  0
1  2  0.563101   6  1  0
2  3  1.689299  10  2  0
3  4  3.378586  14  3  0
4  5  5.630950  18  4  0"
121,121,2H-35Cl,81.0,"0            1   2  3  4
0  1     0.000000  12  0  0
1  2  2091.059096  12  0  1
2  3  4128.431000  12  0  2
3  4  6112.449956  12  0  3
4  5  8043.375732  12  0  4"
122,122,2H-37Cl,81.0,"0            1   2  3  4
0  1     0.000000  12  0  0
1  2  2088.059500  12  0  1
2  3  4122.589056  12  0  2
3  4  6103.921622  12  0  3
4  5  8032.316113  12  0  4"
123,123,2H2-1H_p,25.0,"0            1   2   3         4         5  6   7   8  9    10   11   12   13   14  15           16
0   1     0.000000  12   0  0.000000       inf  +  A1   1  o  0.0  0.0  0.0  0.0  0.0  Ma     0.000000
1   2  1968.162265  12   0  0.005000  0.019317  +  A1   2  o  0.0  1.0  0.0  0.0  0.0  Ma  1968.113315
2   3  2736.975497  12   0  0.000004  0.011633  +  A1   3  o  1.0  0.0  0.0  0.0  0.0  Ma  2736.941252
3   4  3821.208167  12   0  0.100000  0.012227  +  A1   4  o  NaN  NaN  NaN  NaN  NaN  Ca  3821.208167
4   5  4042.772165  12   0  0.000900  0.012305  +  A1   5  o  0.0  0.0  2.0  0.0  0.0  Ma  4042.702824"
124,124,2H3_p,15.0,"0            1   2   3    4         5  6    7   8  9    10   11   12   13 14   15  16           17
0   1     0.000000  10   0  0.0       inf  +  A1'   1  o  0.0  0.0  0.0  0.0  m  0.0  EH     0.000000
1   2  2301.198553  10   0  0.1  9.669300  +  A1'   2  o  1.0  0.0  0.0  0.0  m  0.0  Ca  2301.198553
2   3  3530.665453  10   0  0.1  0.024171  +  A1'   3  o  0.0  2.0  0.0  0.0  m  0.0  Ca  3530.665453
3   4  4554.794932  10   0  0.1  3.221700  +  A1'   4  o  2.0  0.0  0.0  0.0  m  0.0  Ca  4554.794932
4   5  5400.959293  10   0  0.1  0.006738  +  A1'   5  o  0.0  3.0  3.0  3.0  m  0.0  Ca  5400.959293"
125,125,30Si-14N,245.5,"0            1   2    3        4         5         6  7  8         9   10  11   12   13
0   1     0.000000   6  0.5  0.00075       NaN  2.002151  +  e  X2Sigma+   0   0  0.5  0.5
1   2  1125.831736   6  0.5  0.80075  0.544810  2.001927  +  e  X2Sigma+   1   0  0.5  0.5
2   3  2018.298647   6  0.5  0.00075  0.001469  0.000857  +  e      A2Pi   0   1 -0.5  0.5
3   4  2238.995464   6  0.5  1.60075  0.179170  2.000724  +  e  X2Sigma+   2   0  0.5  0.5
4   5  3026.511023   6  0.5  0.10075  0.000615  0.000736  +  e      A2Pi   1   1 -0.5  0.5"
126,126,30Si-16O,413.0,"0          1  2  3         4  5
0  1   0.000000  1  0       inf  0
1  2   1.413426  3  1  357540.0  0
2  3   4.240262  5  2   37244.0  0
3  4   8.480471  7  3   10300.0  0
4  5  14.133877  9  4    4190.2  0"
127,127,30Si-1H,82.5,"0            1   2    3         4         5  6  7       8   9   10   11   12
0   1     0.000000   4  0.5       inf -0.000721  +  e  X(2PI)   0   1 -0.5  0.5
1   2  1968.112824   4  0.5  0.008497 -0.000723  +  e  X(2PI)   1   1 -0.5  0.5
2   3  3865.422762   4  0.5  0.004545 -0.000724  +  e  X(2PI)   2   1 -0.5  0.5
3   4  5692.664681   4  0.5  0.003253 -0.000725  +  e  X(2PI)   3   1 -0.5  0.5
4   5  7450.636738   4  0.5  0.002629 -0.000724  +  e  X(2PI)   4   1 -0.5  0.5"
128,128,30Si-32S,257.0,"0         1  2  3  4
0  1  0.000000  1  0  0
1  2  0.584093  3  1  0
2  3  1.752272  5  2  0
3  4  3.504531  7  3  0
4  5  5.840855  9  4  0"
129,129,30Si-33S,257.0,"0         1   2  3  4
0  1  0.000000   4  0  0
1  2  0.575536  12  1  0
2  3  1.726604  20  2  0
3  4  3.453196  28  3  0
4  5  5.755297  36  4  0"
130,130,30Si-34S,257.0,"0         1  2  3  4
0  1  0.000000  1  0  0
1  2  0.567507  3  1  0
2  3  1.702516  5  2  0
3  4  3.405020  7  3  0
4  5  5.675005  9  4  0"
131,131,30Si-36S,257.0,"0         1  2  3  4
0  1  0.000000  1  0  0
1  2  0.552737  3  1  0
2  3  1.658209  5  2  0
3  4  3.316406  7  3  0
4  5  5.527317  9  4  0"
132,132,31P-14N,357.0,"0          1   2  3         4  5
0  1   0.000000   6  0       inf  0
1  2   1.567437  18  1  331700.0  0
2  3   4.702269  30  2   34553.0  0
3  4   9.404461  42  3    9555.7  0
4  5  15.673929  54  4    3887.7  0"
133,133,31P-15N,366.0,"0          1   2  3         4  5
0  1   0.000000   4  0       inf  0
1  2   1.495811  12  1  381640.0  0
2  3   4.487394  20  2   39755.0  0
3  4   8.974720  28  3   10995.0  0
4  5  14.957709  36  4    4472.9  0"
134,134,31P-16O,234.5,"0            1   2    3         4         5  6  7     8   9   10   11   12
0   1     0.000000   4  0.5       inf -0.000767  +  e  X2Pi   0   1 -0.5  0.5
1   2  1220.161075   4  0.5  0.181670 -0.000767  +  e  X2Pi   1   1 -0.5  0.5
2   3  2427.210286   4  0.5  0.090713 -0.000767  +  e  X2Pi   2   1 -0.5  0.5
3   4  3621.158977   4  0.5  0.060430 -0.000767  +  e  X2Pi   3   1 -0.5  0.5
4   5  4802.007523   4  0.5  0.045317 -0.000767  +  e  X2Pi   4   1 -0.5  0.5"
135,135,31P-19F3,100.0,"0           1   2   3   4   5   6   7   8   9   10  11  12  13  14  15  16   17  18  19  20  21  22  23
0   1    0.000000   8   0   1   0   0   0   0   0   0   1   0   0   0   1   0  1.0   0   0   0   0   0   0
1   2  487.715773   8   0   1   0   0   0   1   0   0   1   0   0   0   1   0  1.0   0   0   0   1   0   0
2   3  692.846944   8   0   1   0   0   0   0   0   2   1   0   0   0   1   0  1.0   0   0   0   0   0   2
3   4  891.940556   8   0   1   0   0   1   0   0   0   1   0   0   0   1   0  1.0   0   0   1   0   0   0
4   5  975.194313   8   0   1   0   0   0   1   1   0   1   0   0   0   1   0  1.0   0   0   0   1   1   0"
136,136,31P-1H3,46.0,"0            1   2   3         4   5   6   7   8   9   10  11  12  13  14  15   16  17  18  19  20  21  22
0   1     0.000000   8   0       inf   1   0   1   0   0   0   0   0   0   0   1  1.0   0   0   0   0   0   0
1   2   992.135529   8   0  0.472230   1   0   1   0   0   1   0   0   0   0   1  1.0   0   0   0   0   0   1
2   3  1972.576036   8   0  0.257860   1   0   1   0   0   2   0   0   0   0   1  1.0   0   0   0   0   1   1
3   4  2226.819402   8   0  0.242610   1   0   1   0   0   0   0   2   0   0   1  1.0   0   0   0   0   0   2
4   5  2321.126022   8   0  0.049762   1   0   1   0   1   0   0   0   0   0   1  1.0   1   0   0   0   0   0"
137,137,31P-1H,80.0,"0            1  2  3    4  5  6         7  8  9
0  1    14.118460  4  0  0.0  +  e  X3Sigma-  0  1
1  2  2289.815060  4  0  0.0  +  e  X3Sigma-  1  1
2  3  4478.105785  4  0  0.0  +  e  X3Sigma-  2  1
3  4  6578.734644  4  0  0.0  +  e  X3Sigma-  3  1
4  5  8591.048949  4  0  0.0  +  e  X3Sigma-  4  1"
138,138,31P-32S,320.5,"0            1   2    3        4         5  6  7     8   9   10   11   12
0   1     0.000000   4  0.5      inf -0.000767  +  e  X2Pi   0   1 -0.5  0.5
1   2   733.657367   4  0.5  1.20030 -0.000767  +  e  X2Pi   1   1 -0.5  0.5
2   3  1461.408539   4  0.5  0.60697 -0.000767  +  e  X2Pi   2   1 -0.5  0.5
3   4  2183.215742   4  0.5  0.40934 -0.000767  +  e  X2Pi   3   1 -0.5  0.5
4   5  2899.040733   4  0.5  0.31065 -0.000767  +  e  X2Pi   4   1 -0.5  0.5"
139,139,32S-16O2,165.0,"0            1   2   3         4        5   6    7    8    9    10   11           12  13
0   1     0.000000   1   0  0.000001      inf   0  0.0  0.0  0.0  0.0  0.0     0.000000  Ma
1   2   517.872470   1   0  0.000003  1.07780   0  0.0  1.0  0.0  0.0  0.0   517.872609  Ma
2   3  1035.126485   1   0  0.000002  0.54381   0  0.0  2.0  0.0  0.0  0.0  1035.118794  Ma
3   4  1151.712963   1   0  0.000003  0.25173   0  1.0  0.0  0.0  0.0  0.0  1151.714304  Ma
4   5  1551.729102   1   0  0.000800  0.36585   0  0.0  3.0  0.0  0.0  0.0  1551.759779  Ma"
140,140,32S-16O3,129.0,"0            1   2   3   4   5   6   7   8   9   10  11  12  13  14  15  16  17  18  19
0   1     0.000000   1   0   1   0   1   0   0   0   0   0   0   0   0   0   0   0   0   1
1   2   993.679792   1   0   1   0   1   0   0   0   0   0   2   0   2   0   0   0   0   1
2   3  1059.476928   1   0   1   0   1   0   0   0   0   2   0   0   0   0   0   2   0   1
3   4  1066.497051   1   0   1   0   1   0   1   0   0   0   0   1   0   0   0   0   0   1
4   5  1591.034913   1   0   1   0   1   0   0   0   0   3   0   0   0   0   0   3   1   1"
141,141,32S-16O,250.0,"0            1   2   3         4         5  6       7   8   9    10   11  12           13
0   1     0.000000   1   0  0.000001       inf  +  X3Sig-   0   0  0.0  0.0  Ma     0.000000
1   2  1137.956398   1   0  0.086600  0.455790  +  X3Sig-   1   0  0.0  0.0  Ma  1137.956493
2   3  2263.207307   1   0  0.013304  0.213170  +  X3Sig-   2   0  0.0  0.0  PS  2263.207155
3   4  3375.822372   1   0  0.002691  0.134200  +  X3Sig-   3   0  0.0  0.0  PS  3375.820899
4   5  4475.838104   1   0  0.203362  0.095715  +  X3Sig-   4   0  0.0  0.0  Ca  4475.838104"
142,142,32S-1H,60.5,"0             1   2    3          4         5  6  7     8   9   10   11   12
0   1    368.102109   4  0.5  69.633000 -0.000687  +  e  X2Pi   0   1 -0.5  0.5
1   2   2966.810330   4  0.5   0.686480 -0.000690  +  e  X2Pi   1   1 -0.5  0.5
2   3   5468.522330   4  0.5   0.243320 -0.000692  +  e  X2Pi   2   1 -0.5  0.5
3   4   7873.346840   4  0.5   0.129060 -0.000694  +  e  X2Pi   3   1 -0.5  0.5
4   5  10180.223764   4  0.5   0.082955 -0.000696  +  e  X2Pi   4   1 -0.5  0.5"
143,143,32S-2H,90.5,"0            1   2    3          4         5  6  7     8   9   10   11   12
0   1   372.100466   6  0.5  204.32000 -0.000687  +  e  X2Pi   0   1 -0.5  0.5
1   2  2258.011339   6  0.5    2.69210 -0.000688  +  e  X2Pi   1   1 -0.5  0.5
2   3  4093.800956   6  0.5    1.02310 -0.000690  +  e  X2Pi   2   1 -0.5  0.5
3   4  5879.696055   6  0.5    0.55619 -0.000692  +  e  X2Pi   3   1 -0.5  0.5
4   5  7615.658477   6  0.5    0.35742 -0.000694  +  e  X2Pi   4   1 -0.5  0.5"
144,144,33S-1H,60.5,"0             1   2    3          4         5  6  7     8   9   10   11   12
0   1    368.109461  16  0.5  69.740000 -0.000687  +  e  X2Pi   0   1 -0.5  0.5
1   2   2965.658899  16  0.5   0.687800 -0.000690  +  e  X2Pi   1   1 -0.5  0.5
2   3   5466.301771  16  0.5   0.243820 -0.000692  +  e  X2Pi   2   1 -0.5  0.5
3   4   7870.147582  16  0.5   0.129320 -0.000694  +  e  X2Pi   3   1 -0.5  0.5
4   5  10176.139325  16  0.5   0.083124 -0.000696  +  e  X2Pi   4   1 -0.5  0.5"
145,145,34S-1H,60.5,"0             1   2    3          4         5  6  7     8   9   10   11   12
0   1    368.116361   4  0.5  69.837000 -0.000687  +  e  X2Pi   0   1 -0.5  0.5
1   2   2964.577825   4  0.5   0.689040 -0.000690  +  e  X2Pi   1   1 -0.5  0.5
2   3   5464.216860   4  0.5   0.244280 -0.000692  +  e  X2Pi   2   1 -0.5  0.5
3   4   7867.143693   4  0.5   0.129570 -0.000694  +  e  X2Pi   3   1 -0.5  0.5
4   5  10172.304215   4  0.5   0.083282 -0.000696  +  e  X2Pi   4   1 -0.5  0.5"
146,146,36S-1H,60.5,"0             1   2    3         4         5  6  7     8   9   10   11   12
0   1    368.129053   4  0.5       NaN -0.000687  +  e  X2Pi   0   1 -0.5  0.5
1   2   2962.588063   4  0.5  0.703040 -0.000690  +  e  X2Pi   1   1 -0.5  0.5
2   3   5460.379397   4  0.5  0.245180 -0.000692  +  e  X2Pi   2   1 -0.5  0.5
3   4   7861.614605   4  0.5  0.130030 -0.000694  +  e  X2Pi   3   1 -0.5  0.5
4   5  10165.244895   4  0.5  0.083574 -0.000696  +  e  X2Pi   4   1 -0.5  0.5"
147,147,39K-16O-1H,255.0,"0            1   2   3   4   5   6   7   8   9   10  11  12   13  14  15  16
0   1     0.000000   8   0  A'   0   0   0  A'   0   0   0  A'  1.0   0   0   0
1   2   441.302845   8   0  A'   1   0   0  A'   0   0   0  A'  1.0   1   0   0
2   3   655.924321   8   0  A'   0   0   1  A'   0   0   0  A'  1.0   0   0   1
3   4   877.113398   8   0  A'   2   0   0  A'   0   0   0  A'  1.0   2   0   0
4   5  1081.543317   8   0  A'   1   0   1  A'   0   0   0  A'  1.0   1   0   1"
148,148,39K-19F,110.0,"0         1   2  3         4  5
0  1  0.000000   8  0      -1.0  0
1  2  0.557500  24  1  746830.0  0
2  3  1.672572  40  2   77821.0  0
3  4  3.345179  56  3   21519.0  0
4  5  5.575200  72  4    8756.6  0"
149,149,39K-35Cl,501.0,"0         1    2  3          4  5
0  1  0.000000   16  0        inf  0
1  2  0.256466   48  1  5302200.0  0
2  3  0.769393   80  2   552330.0  0
3  4  1.538778  112  3   152750.0  0
4  5  2.564613  144  4    62139.0  0"
150,150,39K-37Cl,501.0,"0         1    2  3          4  5
0  1  0.000000   16  0        inf  0
1  2  0.249175   48  1  5782000.0  0
2  3  0.747521   80  2   602300.0  0
3  4  1.495034  112  3   166560.0  0
4  5  2.491705  144  4    67760.0  0"
151,151,3He-1H_p,26.0,"0             1  2  3  4  5
0  1      0.000000  8  0  0  b
1  2   2995.082249  8  0  1  b
2  3   5663.172987  8  0  2  b
3  4   8002.114235  8  0  3  b
4  5  10006.125499  8  0  4  b"
152,152,3He-2H_p,33.0,"0            1   2  3  4  5
0  1     0.000000  12  0  0  b
1  2  2423.482854  12  0  1  b
2  3  4642.510369  12  0  2  b
3  4  6656.726485  12  0  3  b
4  5  8464.414491  12  0  4  b"
153,153,40Ca-16O-1H,175.5,"0           1   2    3          4   5  6   7  8   9   10  11  12  13   14  15          16  17
0   1    0.667513   4  0.5   0.000058  -1  f   1  X   0   0   0   0   0  0.5  F2    0.668704  Ma
1   2  353.300012   4  0.5  10.000000  -1  f   1  X   1   0   1   1   0  0.5  F2  353.300012  Ca
2   3  609.705471   4  0.5  10.000000  -1  f   1  X   0   1   0   0   0  0.5  F2  609.705471  Ca
3   4  689.349393   4  0.5  10.000000  -1  f   1  X   0   0   2   0   0  0.5  F2  689.349393  Ca
4   5  951.015829   4  0.5  10.000000  -1  f   1  X   1   1   1   1   0  0.5  F2  951.015829  Ca"
154,154,40Ca-16O,400.0,"0           1   2   3         4  5  6           7   8   9   10  11           12  13
0   1     0.00000   1   0       inf  +  f  X(1SIGMA+)   0   0   0   0     0.000000  Ma
1   2   722.45227   1   0  0.140170  +  f  X(1SIGMA+)   1   0   0   0   722.452270  Ca
2   3  1435.18660   1   0  0.046429  +  f  X(1SIGMA+)   2   0   0   0  1435.257802  Ma
3   4  2138.49140   1   0  0.025310  +  f  X(1SIGMA+)   3   0   0   0  2138.509986  Ma
4   5  2832.30990   1   0  0.016880  +  f  X(1SIGMA+)   4   0   0   0  2832.313497  Ma"
155,155,40Ca-19F,123.0,"0       1   2  3          4  5
0  1  0.0000   2  0       -1.0  0
1  2  0.6850   6  1  3226100.0  0
2  3  2.0549  10  2   336060.0  0
3  4  4.1098  14  3    92937.0  0
4  5  6.8496  18  4    37806.0  0"
156,156,40Ca-1H,61.5,"0            1   2    3         4         5         6  7  8           9   10  11   12   13  14           15
0   1     0.000000   4  0.5  0.000001       inf  2.002313  +  e  X(2SIGMA+)   0   0  0.5  0.5  Ma     0.000000
1   2  1260.127299   4  0.5  0.000474  0.013525  2.002313  +  e  X(2SIGMA+)   1   0  0.5  0.5  Ma  1260.131222
2   3  2481.999341   4  0.5  0.000468  0.007242  2.002313  +  e  X(2SIGMA+)   2   0  0.5  0.5  Ma  2481.994238
3   4  3665.414217   4  0.5  0.000549  0.005190  2.002313  +  e  X(2SIGMA+)   3   0  0.5  0.5  Ma  3665.412944
4   5  4809.943468   4  0.5  2.507500  0.004201  2.002313  +  e  X(2SIGMA+)   4   0  0.5  0.5  Ca  4809.943468"
157,157,41K-19F,109.0,"0         1   2  3         4  5
0  1  0.000000   8  0      -1.0  0
1  2  0.548600  24  1  788640.0  0
2  3  1.645879  40  2   82169.0  0
3  4  3.291791  56  3   22717.0  0
4  5  5.486269  72  4    9242.1  0"
158,158,41K-35Cl,501.0,"0         1    2  3          4  5
0  1  0.000000   16  0        inf  0
1  2  0.250557   48  1  5686700.0  0
2  3  0.751668   80  2   592380.0  0
3  4  1.503329  112  3   163820.0  0
4  5  2.505532  144  4    66644.0  0"
159,159,41K-37Cl,501.0,"0         1    2  3          4  5
0  1  0.000000   16  0        inf  0
1  2  0.243266   48  1  6213900.0  0
2  3  0.729795   80  2   647290.0  0
3  4  1.459582  112  3   179010.0  0
4  5  2.432621  144  4    72823.0  0"
160,160,42Ca-19F,123.0,"0       1   2  3          4  5
0  1  0.0000   2  0       -1.0  0
1  2  0.6745   6  1  3379400.0  0
2  3  2.0235  10  2   352030.0  0
3  4  4.0469  14  3    97352.0  0
4  5  6.7448  18  4    39601.0  0"
161,161,43Ca-19F,123.0,"0       1    2  3          4  5
0  1  0.0000   16  0       -1.0  0
1  2  0.6696   48  1  3454200.0  0
2  3  2.0088   80  2   359800.0  0
3  4  4.0176  112  3    99502.0  0
4  5  6.6959  144  4    40478.0  0"
162,162,44Ca-19F,123.0,"0       1   2  3          4  5
0  1  0.0000   2  0       -1.0  0
1  2  0.6650   6  1  3527300.0  0
2  3  1.9949  10  2   367430.0  0
3  4  3.9897  14  3   101610.0  0
4  5  6.6494  18  4    41334.0  0"
163,163,45Sc-1H,59.0,"0            1   2    3         4  5  6         7   8   9   10  11
0   1     0.000000  16  0.0       inf  +  f  X1Sigma+   0   0   0   0
1   2  1547.095548  16  0.0  0.013725  +  f  X1Sigma+   1   0   0   0
2   3  3019.322250  16  0.0  0.007713  +  f  X1Sigma+   2   0   0   0
3   4  3352.480112  16  0.0  0.028178  +  f      b3Pi   0   1   1   0
4   5  4430.504406  16  0.0  0.005696  +  f  X1Sigma+   3   0   0   0"
164,164,46Ca-19F,123.0,"0       1   2  3          4  5
0  1  0.0000   2  0       -1.0  0
1  2  0.6563   6  1  3670100.0  0
2  3  1.9688  10  2   382310.0  0
3  4  3.9375  14  3   105720.0  0
4  5  6.5624  18  4    43009.0  0"
165,165,46Ti-16O,200.0,"0            1   2   3    4            5    6  7  8           9   10  11  12  13           14 15
0   1  5661.890629   1   0  0.2  7604.000000  0.0  +  e  d(1SIGMA+)   0   0   0   0  5661.995095  m
1   2  6680.719342   1   0  0.2     0.028534  0.0  +  e  d(1SIGMA+)   1   0   0   0  6680.685050  m
2   3  7689.506746   1   0  0.2     0.014402  0.0  +  e  d(1SIGMA+)   2   0   0   0  7689.554229  m
3   4  8688.580591   1   0  1.0     0.009694  0.0  +  e  d(1SIGMA+)   3   0   0   0  8688.580591  d
4   5  9677.722842   1   0  0.2     0.007343  0.0  +  e  d(1SIGMA+)   4   0   0   0  9677.741981  m"
166,166,47Ti-16O,200.0,"0            1   2   3    4            5    6  7  8           9   10  11  12  13           14 15
0   1  5661.865657   6   0  0.2  7607.500000  0.0  +  e  d(1SIGMA+)   0   0   0   0  5661.970123  m
1   2  6677.918832   6   0  0.2     0.028847  0.0  +  e  d(1SIGMA+)   1   0   0   0  6677.884540  m
2   3  7683.984750   6   0  0.2     0.014559  0.0  +  e  d(1SIGMA+)   2   0   0   0  7684.032233  m
3   4  8680.391339   6   0  1.0     0.009800  0.0  +  e  d(1SIGMA+)   3   0   0   0  8680.391339  d
4   5  9666.920751   6   0  0.2     0.007423  0.0  +  e  d(1SIGMA+)   4   0   0   0  9666.939890  m"
167,167,48Ca-19F,123.0,"0       1   2  3          4  5
0  1  0.0000   2  0       -1.0  0
1  2  0.6483   6  1  3807900.0  0
2  3  1.9448  10  2   396650.0  0
3  4  3.8896  14  3   109690.0  0
4  5  6.4826  18  4    44623.0  0"
168,168,48Ti-16O,200.0,"0            1   2   3        4            5    6  7  8           9   10  11  12  13           14  15
0   1  5661.841746   1   0  0.01000  7610.400000  0.0  +  e  d(1SIGMA+)   0   0   0   0  5661.946212  Ma
1   2  6675.235421   1   0  0.00665     0.029150  0.0  +  e  d(1SIGMA+)   1   0   0   0  6675.201129  Ma
2   3  7678.693486   1   0  0.01000     0.014712  0.0  +  e  d(1SIGMA+)   2   0   0   0  7678.740969  Ma
3   4  8672.544044   1   0  1.00000     0.009903  0.0  +  e  d(1SIGMA+)   3   0   0   0  8672.544044  Ca
4   5  9656.569421   1   0  0.01000     0.007500  0.0  +  e  d(1SIGMA+)   4   0   0   0  9656.588560  Ma"
169,169,48Ti-1H,50.5,"0        1  2    3  4    5  6  7        8
0  1     0.00  8  1.5  0  1.5  e  -  X(4PHI)
1  2  1505.30  8  1.5  1  1.5  e  -  X(4PHI)
2  3  2970.46  8  1.5  2  1.5  e  -  X(4PHI)
3  4  4394.24  8  1.5  3  1.5  e  -  X(4PHI)
4  5  5775.43  8  1.5  4  1.5  e  -  X(4PHI)"
170,170,49Ti-16O,200.0,"0            1   2   3    4            5    6  7  8           9   10  11  12  13           14 15
0   1  5661.818677   8   0  0.2  7613.300000  0.0  +  e  d(1SIGMA+)   0   0   0   0  5661.923143  m
1   2  6672.644922   8   0  0.2     0.029447  0.0  +  e  d(1SIGMA+)   1   0   0   0  6672.610630  m
2   3  7673.585284   8   0  0.2     0.014862  0.0  +  e  d(1SIGMA+)   2   0   0   0  7673.632767  m
3   4  8664.968033   8   0  1.0     0.010003  0.0  +  e  d(1SIGMA+)   3   0   0   0  8664.968033  d
4   5  9646.575660   8   0  0.2     0.007576  0.0  +  e  d(1SIGMA+)   4   0   0   0  9646.594799  m"
171,171,4He-1H_p,27.0,"0            1  2  3  4  5
0  1     0.000000  4  0  0  b
1  2  2910.968588  4  0  1  b
2  3  5515.138501  4  0  2  b
3  4  7810.746375  4  0  3  b
4  5  9792.854273  4  0  4  b"
172,172,4He-2H_p,35.0,"0            1  2  3  4  5
0  1     0.000000  6  0  0  b
1  2  2310.520451  6  0  1  b
2  3  4436.737184  6  0  2  b
3  4  6378.458036  6  0  3  b
4  5  8134.396324  6  0  4  b"
173,173,50Ti-16O,200.0,"0            1   2   3    4            5    6  7  8           9   10  11  12  13           14 15
0   1  5661.796554   1   0  0.2  7616.300000  0.0  +  e  d(1SIGMA+)   0   0   0   0  5661.901020  m
1   2  6670.159116   1   0  0.2     0.029736  0.0  +  e  d(1SIGMA+)   1   0   0   0  6670.124824  m
2   3  7668.683390   1   0  0.2     0.015007  0.0  +  e  d(1SIGMA+)   2   0   0   0  7668.730873  m
3   4  8657.697805   1   0  1.0     0.010101  0.0  +  e  d(1SIGMA+)   3   0   0   0  8657.697805  d
4   5  9636.985012   1   0  0.2     0.007650  0.0  +  e  d(1SIGMA+)   4   0   0   0  9637.004151  m"
174,174,52Cr-1H,39.5,"0       1   2    3  4  5  6           7
0  1   0.000  12  2.5  0  1  e  X(6SIGMA+)
1  2  11.250   8  1.5  0  3  e  X(6SIGMA+)
2  3  12.096  16  3.5  0  1  e  X(6SIGMA+)
3  4  13.228  12  2.5  0  2  f  X(6SIGMA+)
4  5  35.220   4  0.5  0  5  e  X(6SIGMA+)"
175,175,56Fe-1H,50.5,"0        1  2    3  4    5  6          7
0  1   613.70  4  0.5  0  0.5  e  X(4DELTA)
1  2  2374.10  4  0.5  1  0.5  e  X(4DELTA)
2  3  4106.50  4  0.5  2  0.5  e  X(4DELTA)
3  4  5730.13  4  0.5  3  0.5  e  X(4DELTA)
4  5  7278.26  4  0.5  4  0.5  e  X(4DELTA)"
176,176,6Li-16O-1H,95.0,"0            1   2   3    4   5  6           7   8   9   10  11  12
0   1     0.000000   6   0  0.0   1  e  X(1SIGMA+)   0   0   0   0   0
1   2   612.682767   6   0  4.0   1  e  X(1SIGMA+)   0   0   2   0   0
2   3   976.412871   6   0  2.0   1  e  X(1SIGMA+)   0   1   0   0   0
3   4  1219.639393   6   0  8.0   1  e  X(1SIGMA+)   0   0   4   0   0
4   5  1565.810908   6   0  6.0   1  e  X(1SIGMA+)   0   1   2   0   0"
177,177,6Li-19F,201.0,"0       1   2  3        4  5
0  1   0.000   6  0    -1.00  0
1  2   2.993  18  1  8771.90  0
2  3   8.979  30  2   909.09  0
3  4  17.959  42  3   252.53  0
4  5  29.929  54  4   102.88  0"
178,178,6Li-35Cl,201.0,"0       1    2  3         4  5
0  1   0.000   12  0     -1.00  0
1  2   1.599   36  1  44053.00  0
2  3   4.798   60  2   4608.30  0
3  4   9.595   84  3   1272.30  0
4  5  15.991  108  4    518.13  0"
179,179,6Li-37Cl,201.0,"0       1    2  3        4  5
0  1   0.000   12  0     -1.0  0
1  2   1.587   36  1  45249.0  0
2  3   4.760   60  2   4717.0  0
3  4   9.519   84  3   1302.1  0
4  5  15.864  108  4    529.1  0"
180,180,75As-1H3,30.0,"0            1   2   3   4   5   6   7   8   9   10  11  12  13  14  15    16
0   1     0.000000  16   0   1   0   0   0   0   0   0   1   0   0   0   1  1.00
1   2   906.751961  16   0   1   0   0   0   0   0   1   1   0   0   0   1  0.33
2   3  1806.148961  16   0   1   0   0   0   1   0   1   1   0   0   0   1  0.21
3   4  1990.997961  16   0   1   0   0   0   2   0   0   1   0   0   0   1  0.21
4   5  2115.163961  16   0   1   0   0   1   0   0   0   1   0   0   0   1  0.32"
181,181,7Li-16O-1H,95.0,"0            1   2   3    4   5  6           7   8   9   10  11
0   1     0.000000   8   0  0.0   1  e  X(1SIGMA+)   0   0   0   0
1   2   610.710042   8   0  4.0   1  e  X(1SIGMA+)   0   2   0   0
2   3   925.369014   8   0  2.0   1  e  X(1SIGMA+)   1   0   0   0
3   4  1214.983732   8   0  8.0   1  e  X(1SIGMA+)   0   4   0   0
4   5  1514.667551   8   0  6.0   1  e  X(1SIGMA+)   1   2   0   0"
182,182,7Li-19F,201.0,"0       1   2  3         4  5
0  1   0.000   8  0     -1.00  0
1  2   2.670  24  1  12361.00  0
2  3   8.010  40  2   1288.70  0
3  4  16.020  56  3    355.87  0
4  5  26.698  72  4    144.93  0"
183,183,7Li-1H,77.0,"0         1   2  3  4
0  1    0.0000   8  0  0
1  2   14.8251  24  1  0
2  3   44.4550  40  2  0
3  4   88.8487  56  3  0
4  5  147.9452  72  4  0"
184,184,7Li-1H_p,19.0,"0        1    2  3  4
0  1   7.4988   48  1  0
1  2   0.0000   16  0  0
2  3  22.4631   80  2  0
3  4  44.8262  112  3  0
4  5  74.4878  144  4  0"
185,185,7Li-35Cl,201.0,"0       1    2  3         4  5
0  1   0.000   16  0     -1.00  0
1  2   1.405   48  1  64935.00  0
2  3   4.215   80  2   6802.70  0
3  4   8.430  112  3   1876.20  0
4  5  14.049  144  4    763.36  0"
186,186,7Li-37Cl,201.0,"0       1    2  3         4  5
0  1   0.000   16  0     -1.00  0
1  2   1.392   48  1  67114.00  0
2  3   4.177   80  2   6993.00  0
3  4   8.354  112  3   1926.80  0
4  5  13.923  144  4    781.25  0"
187,187,89Y-16O,400.5,"0          1   2    3         4         5         6  7  8         9   10  11   12   13  14           15
0   1     0.0000   4  0.5  0.000001       inf  2.002204  +  e  X2Sigma+   0   0  0.5  0.5  Ma     0.000000
1   2   855.7463   4  0.5  0.010000  0.052103  2.002205  +  e  X2Sigma+   1   0  0.5  0.5  Ma   855.799684
2   3  1705.8339   4  0.5  0.020000  0.026308  2.002206  +  e  X2Sigma+   2   0  0.5  0.5  Ma  1705.863888
3   4  2550.2684   4  0.5  0.030000  0.017711  2.002207  +  e  X2Sigma+   3   0  0.5  0.5  Ma  2550.250704
4   5  3389.0242   4  0.5  0.040000  0.013415  2.002208  +  e  X2Sigma+   4   0  0.5  0.5  Ma  3388.980405"
188,188,89Y-18O,400.5,"0            1   2    3         4         5         6  7  8         9   10  11   12   13
0   1     0.000000   4  0.5  0.000001       inf  2.002203  +  e  X2Sigma+   0   0  0.5  0.5
1   2   814.680803   4  0.5  0.010000  0.063426  2.002205  +  e  X2Sigma+   1   0  0.5  0.5
2   3  1624.163498   4  0.5  0.020000  0.032010  2.002206  +  e  X2Sigma+   2   0  0.5  0.5
3   4  2428.501210   4  0.5  0.030000  0.021539  2.002207  +  e  X2Sigma+   3   0  0.5  0.5
4   5  3227.713995   4  0.5  0.040000  0.016306  2.002208  +  e  X2Sigma+   4   0  0.5  0.5"
189,189,90Zr-16O,200.0,"0          1   2    3      4           5    6  7  8           9   10  11  12  13  14           15
0   1     0.0000   1  0.0  0.000         NAN  0.0  +  e  X(1SIGMA+)   0   0   0   0  Ma     0.000000
1   2   969.5265   1  0.0  0.085  3.3689E-02  0.0  +  e  X(1SIGMA+)   1   0   0   0  EH   969.391089
2   3  1932.1641   1  0.0  0.140  1.6813E-02  0.0  +  e  X(1SIGMA+)   2   0   0   0  EH  1931.989828
3   4  2887.9318   1  0.0  0.120  1.1416E-02  0.0  +  e  X(1SIGMA+)   3   0   0   0  EH  2887.765503
4   5  3836.8025   1  0.0  0.082  8.6489E-03  0.0  +  e  X(1SIGMA+)   4   0   0   0  EH  3836.690801"
190,190,91Zr-16O,200.0,"0            1   2    3     4           5    6  7  8           9   10  11  12  13  14           15
0   1     0.000000   6  0.0  0.00         NAN  0.0  +  e  X(1SIGMA+)   0   0   0   0  Ma     0.000000
1   2   968.725735   6  0.0  0.17  3.3801E-02  0.0  +  e  X(1SIGMA+)   1   0   0   0  EH   968.590324
2   3  1930.573900   6  0.0  0.28  1.6869E-02  0.0  +  e  X(1SIGMA+)   2   0   0   0  EH  1930.399628
3   4  2885.563569   6  0.0  0.24  1.1453E-02  0.0  +  e  X(1SIGMA+)   3   0   0   0  EH  2885.397272
4   5  3833.667712   6  0.0  0.16  8.6771E-03  0.0  +  e  X(1SIGMA+)   4   0   0   0  EH  3833.556013"
191,191,92Zr-16O,200.0,"0            1   2    3     4           5    6  7  8           9   10  11  12  13  14           15
0   1     0.000000   1  0.0  0.00         NAN  0.0  +  e  X(1SIGMA+)   0   0   0   0  Ma     0.000000
1   2   967.942956   1  0.0  0.17  3.3911E-02  0.0  +  e  X(1SIGMA+)   1   0   0   0  EH   967.807545
2   3  1929.019409   1  0.0  0.28  1.6923E-02  0.0  +  e  X(1SIGMA+)   2   0   0   0  EH  1928.845137
3   4  2883.248505   1  0.0  0.24  1.1490E-02  0.0  +  e  X(1SIGMA+)   3   0   0   0  EH  2883.082208
4   5  3830.603279   1  0.0  0.16  8.7054E-03  0.0  +  e  X(1SIGMA+)   4   0   0   0  EH  3830.491580"
192,192,93Zr-16O,200.0,"0            1   2    3     4           5    6  7  8           9   10  11  12  13  14           15
0   1     0.000000   6  0.0  0.00         NAN  0.0  +  e  X(1SIGMA+)   0   0   0   0  Ma     0.000000
1   2   967.174843   6  0.0  0.17  3.4018E-02  0.0  +  e  X(1SIGMA+)   1   0   0   0  EH   967.039432
2   3  1927.494033   6  0.0  0.28  1.6977E-02  0.0  +  e  X(1SIGMA+)   2   0   0   0  EH  1927.319761
3   4  2880.976788   6  0.0  0.24  1.1526E-02  0.0  +  e  X(1SIGMA+)   3   0   0   0  EH  2880.810491
4   5  3827.596207   6  0.0  0.16  8.7323E-03  0.0  +  e  X(1SIGMA+)   4   0   0   0  EH  3827.484508"
193,193,94Zr-16O,200.0,"0            1   2    3     4           5    6  7  8           9   10  11  12  13  14           15
0   1     0.000000   1  0.0  0.00         NAN  0.0  +  e  X(1SIGMA+)   0   0   0   0  Ma     0.000000
1   2   966.423694   1  0.0  0.17  3.4125E-02  0.0  +  e  X(1SIGMA+)   1   0   0   0  EH   966.288283
2   3  1926.002338   1  0.0  0.28  1.7029E-02  0.0  +  e  X(1SIGMA+)   2   0   0   0  EH  1925.828066
3   4  2878.755217   1  0.0  0.24  1.1562E-02  0.0  +  e  X(1SIGMA+)   3   0   0   0  EH  2878.588920
4   5  3824.655496   1  0.0  0.16  8.7594E-03  0.0  +  e  X(1SIGMA+)   4   0   0   0  EH  3824.543797"
194,194,96Zr-16O,200.0,"0            1   2    3     4           5    6  7  8           9   10  11  12  13  14           15
0   1     0.000000   1  0.0  0.00         NAN  0.0  +  e  X(1SIGMA+)   0   0   0   0  Ma     0.000000
1   2   964.965056   1  0.0  0.17  3.4331E-02  0.0  +  e  X(1SIGMA+)   1   0   0   0  EH   964.829645
2   3  1923.105624   1  0.0  0.28  1.7132E-02  0.0  +  e  X(1SIGMA+)   2   0   0   0  EH  1922.931352
3   4  2874.441126   1  0.0  0.24  1.1632E-02  0.0  +  e  X(1SIGMA+)   3   0   0   0  EH  2874.274829
4   5  3818.944848   1  0.0  0.16  8.8124E-03  0.0  +  e  X(1SIGMA+)   4   0   0   0  EH  3818.833149"
195,195,9Be-1H,99.5,"0            1   2    3  4  5           6   7   8    9    10
0   1     0.000000  16  0.5  +  e  X(2SIGMA+)   0   0  0.5  0.5
1   2  1986.305446  16  0.5  +  e  X(2SIGMA+)   1   0  0.5  0.5
2   3  3896.800417  16  0.5  +  e  X(2SIGMA+)   2   0  0.5  0.5
3   4  5729.271094  16  0.5  +  e  X(2SIGMA+)   3   0  0.5  0.5
4   5  7480.454450  16  0.5  +  e  X(2SIGMA+)   4   0  0.5  0.5"
196,196,9Be-2H,99.5,"0            1   2    3  4  5           6   7   8    9    10
0   1     0.000000  24  0.5  +  e  X(2SIGMA+)   0   0  0.5  0.5
1   2  1488.440099  24  0.5  +  e  X(2SIGMA+)   1   0  0.5  0.5
2   3  2935.604543  24  0.5  +  e  X(2SIGMA+)   2   0  0.5  0.5
3   4  4340.742332  24  0.5  +  e  X(2SIGMA+)   3   0  0.5  0.5
4   5  5702.886009  24  0.5  +  e  X(2SIGMA+)   4   0  0.5  0.5"
197,197,9Be-3H,99.5,"0            1   2    3  4  5           6   7   8    9    10
0   1     0.000000  16  0.5  +  e  X(2SIGMA+)   0   0  0.5  0.5
1   2  1275.565000  16  0.5  +  e  X(2SIGMA+)   1   0  0.5  0.5
2   3  2521.189828  16  0.5  +  e  X(2SIGMA+)   2   0  0.5  0.5
3   4  3736.437097  16  0.5  +  e  X(2SIGMA+)   3   0  0.5  0.5
4   5  4920.776187  16  0.5  +  e  X(2SIGMA+)   4   0  0.5  0.5"
198,198,cis-31P2-1H2,25.0,"0            1   2   3   4   5   6   7   8   9   10  11  12  13  14  15  16   17  18  19  20  21  22  23
0   1     0.000000  10   0   1   0   0   0   0   0   0   1   0   0   0   1   0  1.0   0   0   0   0   0   0
1   2   593.872677  10   0   1   1   0   0   0   0   0   1   0   0   0   1   0  1.0   1   0   0   0   0   0
2   3   733.682823  10   0   1   0   0   0   1   0   0   1   0   0   0   1   0  1.0   0   0   0   1   0   0
3   4  1183.781234  10   0   1   2   0   0   0   0   0   1   0   0   0   1   0  1.0   2   0   0   0   0   0
4   5  1323.899437  10   0   1   1   0   0   1   0   0   1   0   0   0   1   0  1.0   1   0   0   1   0   0"
199,199,trans-31P2-1H2,25.0,"0            1   2   3   4   5   6   7   8   9   10  11  12  13  14  15  16   17  18  19  20  21  22  23
0   1     0.000000  10   0   1   0   0   0   0   0   0   1   0   0   0   1   0  1.0   0   0   0   0   0   0
1   2   604.518849  10   0   1   1   0   0   0   0   0   1   0   0   0   1   0  1.0   1   0   0   0   0   0
2   3   954.725623  10   0   1   0   0   0   1   0   0   1   0   0   0   1   0  1.0   0   0   0   1   0   0
3   4  1203.958578  10   0   1   2   0   0   0   0   0   1   0   0   0   1   0  1.0   2   0   0   0   0   0
4   5  1339.594812  10   0   1   0   0   0   2   0   0   1   0   0   0   1   0  1.0   0   0   0   1   1   0"
200,200,51V-16O,150.0,"0            1   2   3         4   ... 11   12   13  14           15
0   1    10.764111   1   0  0.002646  ...  0  0.5  0.5  Ma    10.773921
1   2    18.286612   1   0  0.002646  ...  0  1.5  1.5  Ma    18.329941
2   3  1012.490751   1   0  0.014945  ...  0  0.5  0.5  PS  1012.367510
3   4  1020.007393   1   0  0.001500  ...  0  1.5  1.5  Ma  1019.925017
4   5  2003.704567   1   0  0.009312  ...  0  0.5  0.5  PS  2003.948182"
201,201,58Ni-1H,12.5,
202,202,1H-11B-16O,120,
203,203,16O-12C-32S,223,
204,204,14N2-16O,150,
205,205,16O2,60,[5 rows x 16 columns]
206,206,45Sc-16O,155.5,
207,207,40Ca-35Cl,256.5,
208,208,12C3,155,